Date,Index Level
05/04/2022,149.8240
05/03/2022,149.4750
05/02/2022,149.0490
04/30/2022,150.4480
04/29/2022,150.4380
04/28/2022,150.8960
04/27/2022,151.3360
04/26/2022,151.2010
04/25/2022,150.5660
04/22/2022,149.3740
04/21/2022,149.5540
04/20/2022,150.5920
04/19/2022,150.3500
04/18/2022,151.4020
04/14/2022,152.0920
04/13/2022,153.3250
04/12/2022,152.9280
04/11/2022,152.3810
04/08/2022,153.0580
04/07/2022,153.8710
04/06/2022,154.2620
04/05/2022,154.9810
04/04/2022,156.3430
04/01/2022,156.3600
03/31/2022,157.0060
03/30/2022,156.6150
03/29/2022,156.1100
03/28/2022,155.0790
03/25/2022,155.0480
03/24/2022,156.7540
03/23/2022,157.5100
03/22/2022,157.0340
03/21/2022,157.3140
03/18/2022,158.8800
03/17/2022,158.5060
03/16/2022,157.7590
03/15/2022,158.3230
03/14/2022,158.4140
03/11/2022,159.7350
03/10/2022,159.8270
03/09/2022,160.4380
03/08/2022,160.9270
03/07/2022,161.8400
03/04/2022,162.1580
03/03/2022,161.3730
03/02/2022,161.0960
03/01/2022,162.9130
02/28/2022,161.6830
02/25/2022,160.3980
02/24/2022,160.2550
02/23/2022,160.0020
02/22/2022,160.3760
02/21/2022,160.7610
02/18/2022,160.7290
02/17/2022,160.6140
02/16/2022,160.1500
02/15/2022,160.3520
02/14/2022,160.4230
02/11/2022,160.9990
02/10/2022,160.4550
02/09/2022,161.7970
02/08/2022,161.9370
02/07/2022,162.3510
02/04/2022,162.1180
02/03/2022,163.2060
02/02/2022,163.6860
02/01/2022,163.4200
01/31/2022,163.7490
01/28/2022,163.5020
01/27/2022,163.1970
01/26/2022,163.0090
01/25/2022,163.7670
01/24/2022,163.9540
01/21/2022,163.6080
01/20/2022,163.3220
01/19/2022,163.3720
01/18/2022,162.7310
01/17/2022,163.8510
01/14/2022,163.8200
01/13/2022,164.3250
01/12/2022,164.5120
01/11/2022,164.4770
01/10/2022,163.9960
01/07/2022,164.4050
01/06/2022,164.9110
01/05/2022,165.3240
01/04/2022,165.8190
01/03/2022,166.0610
12/31/2021,166.9130
12/30/2021,166.5530
12/29/2021,166.6480
12/28/2021,166.9760
12/27/2021,166.7800
12/23/2021,166.7130
12/22/2021,166.7520
12/21/2021,166.6000
12/20/2021,167.0640
12/17/2021,167.1100
12/16/2021,167.1470
12/15/2021,166.7180
12/14/2021,166.8840
12/13/2021,166.9290
12/10/2021,166.5990
12/09/2021,166.6770
12/08/2021,166.6500
12/07/2021,166.6330
12/06/2021,166.7260
12/03/2021,167.2450
12/02/2021,166.7200
12/01/2021,167.0570
11/30/2021,167.1490
11/29/2021,166.9330
11/26/2021,166.9060
11/25/2021,165.8720
11/24/2021,165.8610
11/23/2021,166.0610
11/22/2021,166.3840
11/19/2021,167.0260
11/18/2021,166.8190
11/17/2021,166.6830
11/16/2021,166.5570
11/15/2021,166.4980
11/12/2021,166.6360
11/11/2021,167.1060
11/10/2021,167.0950
11/09/2021,168.0300
11/08/2021,167.7160
11/05/2021,168.0140
11/04/2021,167.4170
11/03/2021,167.0060
11/02/2021,167.2190
11/01/2021,167.1020
10/31/2021,167.1280
10/29/2021,167.1070
10/28/2021,166.9750
10/27/2021,167.2700
10/26/2021,166.7190
10/25/2021,166.5610
10/22/2021,166.2020
10/21/2021,166.2550
10/20/2021,166.7370
10/19/2021,166.7170
10/18/2021,166.8080
10/15/2021,166.9480
10/14/2021,167.3920
10/13/2021,166.9820
10/12/2021,166.7350
10/11/2021,166.8510
10/08/2021,166.8200
10/07/2021,167.0910
10/06/2021,167.3130
10/05/2021,167.3770
10/04/2021,167.8640
10/01/2021,167.9550
09/30/2021,167.4590
09/29/2021,167.2240
09/28/2021,167.2230
09/27/2021,167.5510
09/24/2021,167.6580
09/23/2021,167.7920
09/22/2021,168.3560
09/21/2021,168.5010
09/20/2021,168.5980
09/17/2021,168.3070
09/16/2021,168.4720
09/15/2021,168.7880
09/14/2021,168.9740
09/13/2021,168.6740
09/10/2021,168.5800
09/09/2021,168.7600
09/08/2021,168.5680
09/07/2021,168.4010
09/06/2021,168.6040
09/03/2021,168.5730
09/02/2021,168.5490
09/01/2021,168.5220
08/31/2021,168.6650
08/30/2021,168.7410
08/27/2021,168.6310
08/26/2021,168.2780
08/25/2021,168.2900
08/24/2021,168.5580
08/23/2021,168.6110
08/20/2021,168.4280
08/19/2021,168.6470
08/18/2021,168.4800
08/17/2021,168.5040
08/16/2021,168.6770
08/13/2021,168.4910
08/12/2021,168.2790
08/11/2021,168.2350
08/10/2021,168.0320
08/09/2021,168.3140
08/06/2021,168.5110
08/05/2021,168.9530
08/04/2021,169.1950
08/03/2021,169.3030
08/02/2021,169.4060
07/31/2021,169.0920
07/30/2021,169.0810
07/29/2021,168.9370
07/28/2021,168.8110
07/27/2021,168.8920
07/26/2021,168.7690
07/23/2021,168.7100
07/22/2021,168.6720
07/21/2021,168.4250
07/20/2021,168.8420
07/19/2021,168.8270
07/16/2021,168.2740
07/15/2021,168.4000
07/14/2021,168.1670
07/13/2021,167.8010
07/12/2021,168.0530
07/09/2021,168.1110
07/08/2021,168.4980
07/07/2021,168.1550
07/06/2021,167.9920
07/05/2021,167.7470
07/02/2021,167.7150
07/01/2021,167.4280
06/30/2021,167.6740
06/29/2021,167.5990
06/28/2021,167.4540
06/25/2021,167.1230
06/24/2021,167.3460
06/23/2021,167.2780
06/22/2021,167.1960
06/21/2021,166.9940
06/18/2021,167.1510
06/17/2021,167.0360
06/16/2021,166.9590
06/15/2021,167.4270
06/14/2021,167.4470
06/11/2021,167.7820
06/10/2021,167.8810
06/09/2021,167.7620
06/08/2021,167.5320
06/07/2021,167.4390
06/04/2021,167.5030
06/03/2021,167.1690
06/02/2021,167.4270
06/01/2021,167.3980
05/31/2021,167.5970
05/28/2021,167.5620
05/27/2021,167.5150
05/26/2021,167.7850
05/25/2021,167.8780
05/24/2021,167.6620
05/21/2021,167.4750
05/20/2021,167.4340
05/19/2021,167.2210
05/18/2021,167.4120
05/17/2021,167.3800
05/14/2021,167.4050
05/13/2021,167.3020
05/12/2021,167.1830
05/11/2021,167.5630
05/10/2021,167.7670
05/07/2021,167.8290
05/06/2021,167.7560
05/05/2021,167.6290
05/04/2021,167.6200
05/03/2021,167.6570
04/30/2021,167.7960
04/29/2021,167.6070
04/28/2021,167.4890
04/27/2021,167.4160
04/26/2021,167.6470
04/23/2021,167.7880
04/22/2021,167.9310
04/21/2021,167.8690
04/20/2021,167.7540
04/19/2021,167.5610
04/16/2021,167.6770
04/15/2021,167.8790
04/14/2021,167.3530
04/13/2021,167.4260
04/12/2021,166.9210
04/09/2021,166.8760
04/08/2021,166.9720
04/07/2021,166.7810
04/06/2021,166.7710
04/05/2021,166.4010
04/01/2021,166.4150
03/31/2021,166.2940
03/30/2021,166.2640
03/29/2021,166.3380
03/26/2021,166.5050
03/25/2021,166.9860
03/24/2021,167.0060
03/23/2021,166.8700
03/22/2021,166.4770
03/19/2021,166.1890
03/18/2021,166.6400
03/17/2021,167.1640
03/16/2021,167.0930
03/15/2021,167.2220
03/12/2021,167.2530
03/11/2021,167.7380
03/10/2021,167.6580
03/09/2021,167.5830
03/08/2021,167.4810
03/05/2021,167.6080
03/04/2021,167.5330
03/03/2021,168.1000
03/02/2021,168.1560
03/01/2021,167.7430
02/28/2021,167.6300
02/26/2021,167.6060
02/25/2021,167.1230
02/24/2021,168.1470
02/23/2021,168.3430
02/22/2021,168.4200
02/19/2021,168.7420
02/18/2021,169.0630
02/17/2021,168.8980
02/16/2021,168.9220
02/15/2021,169.5490
02/12/2021,169.5140
02/11/2021,169.7880
02/10/2021,169.8620
02/09/2021,169.7940
02/08/2021,169.6680
02/05/2021,169.6510
02/03/2021,169.6750
02/02/2021,169.6790
02/01/2021,169.8020
01/31/2021,169.8070
01/29/2021,169.7830
01/28/2021,169.8350
01/27/2021,169.9670
01/26/2021,169.8160
01/25/2021,169.7430
01/22/2021,169.7010
01/21/2021,169.6960
01/20/2021,169.6470
01/19/2021,169.5360
01/18/2021,169.5650
01/15/2021,169.5290
01/14/2021,169.3960
01/13/2021,169.3440
01/12/2021,169.1720
01/11/2021,169.1820
01/08/2021,169.3510
01/07/2021,169.5190
01/06/2021,169.5880
01/05/2021,169.7240
01/04/2021,169.8570
12/31/2020,169.8750
12/30/2020,169.7450
12/29/2020,169.6910
12/28/2020,169.6210
12/24/2020,169.5740
12/23/2020,169.5360
12/22/2020,169.6150
12/21/2020,169.5910
12/18/2020,169.6240
12/17/2020,169.5870
12/16/2020,169.5110
12/15/2020,169.4710
12/14/2020,169.4850
12/11/2020,169.4340
12/10/2020,169.3470
12/09/2020,169.2440
12/08/2020,169.2680
12/07/2020,169.2150
12/04/2020,169.1340
12/03/2020,169.2450
12/02/2020,169.2010
12/01/2020,169.1490
11/30/2020,169.3990
11/27/2020,169.3630
11/26/2020,169.2630
11/25/2020,169.2510
11/24/2020,169.2610
11/23/2020,169.2620
11/20/2020,169.3740
11/19/2020,169.3940
11/18/2020,169.2030
11/17/2020,169.2160
11/16/2020,169.0660
11/13/2020,169.0940
11/12/2020,169.0290
11/11/2020,168.7490
11/10/2020,168.7370
11/09/2020,168.8360
11/06/2020,169.1100
11/05/2020,169.2450
11/04/2020,169.2410
11/03/2020,168.9460
11/02/2020,169.0000
10/31/2020,169.0310
10/30/2020,169.0180
10/29/2020,168.9780
10/28/2020,169.0880
10/27/2020,169.1160
10/26/2020,169.0380
10/23/2020,169.0100
10/22/2020,169.0590
10/21/2020,168.9720
10/20/2020,168.8720
10/19/2020,169.0320
10/16/2020,169.0480
10/15/2020,168.9760
10/14/2020,168.9540
10/13/2020,168.8930
10/12/2020,168.9320
10/09/2020,168.8930
10/08/2020,169.0260
10/07/2020,169.0820
10/06/2020,169.0590
10/05/2020,168.9750
10/02/2020,169.1200
10/01/2020,169.1310
09/30/2020,169.1960
09/29/2020,169.1980
09/28/2020,169.1370
09/25/2020,169.0910
09/24/2020,169.0660
09/23/2020,169.0050
09/22/2020,168.9560
09/21/2020,168.9370
09/18/2020,168.9900
09/17/2020,169.0630
09/16/2020,169.0440
09/15/2020,169.1410
09/14/2020,169.2560
09/11/2020,169.3120
09/10/2020,169.2320
09/09/2020,169.2930
09/08/2020,169.3390
09/07/2020,169.3090
09/04/2020,169.2680
09/03/2020,169.4510
09/02/2020,169.4340
09/01/2020,169.4270
08/31/2020,169.3680
08/28/2020,169.3330
08/27/2020,169.1880
08/26/2020,169.1690
08/25/2020,169.1210
08/24/2020,169.1880
08/21/2020,169.2610
08/20/2020,169.3680
08/19/2020,169.4250
08/18/2020,169.3370
08/17/2020,169.2890
08/14/2020,169.1850
08/13/2020,169.1390
08/12/2020,169.2020
08/11/2020,169.1560
08/10/2020,169.4870
08/07/2020,169.4410
08/06/2020,169.2660
08/05/2020,169.2300
08/04/2020,169.4220
08/03/2020,169.3500
07/31/2020,169.3050
07/30/2020,169.2410
07/29/2020,169.1770
07/28/2020,168.9720
07/27/2020,168.8000
07/24/2020,168.7510
07/23/2020,168.9360
07/22/2020,168.9530
07/21/2020,168.8870
07/20/2020,168.7310
07/17/2020,168.7640
07/16/2020,168.8290
07/15/2020,168.7810
07/14/2020,168.7260
07/13/2020,168.6230
07/10/2020,168.7020
07/09/2020,168.8080
07/08/2020,168.6320
07/07/2020,168.5260
07/06/2020,168.4600
07/02/2020,168.4710
07/01/2020,168.4160
06/30/2020,168.5360
06/29/2020,168.5320
06/26/2020,168.5160
06/25/2020,168.3610
06/24/2020,168.3840
06/23/2020,168.4600
06/22/2020,168.3950
06/19/2020,168.3600
06/18/2020,168.4150
06/17/2020,168.4610
06/16/2020,168.5590
06/15/2020,168.7740
06/12/2020,168.8910
06/11/2020,169.0150
06/10/2020,168.9950
06/09/2020,168.8230
06/08/2020,168.7980
06/04/2020,168.8090
06/03/2020,168.8490
06/02/2020,168.9230
06/01/2020,168.9120
05/31/2020,168.9930
05/29/2020,168.9620
05/28/2020,168.8050
05/27/2020,168.9170
05/26/2020,168.9060
05/25/2020,168.8990
05/22/2020,168.8540
05/21/2020,168.9300
05/20/2020,168.9670
05/19/2020,168.7510
05/18/2020,168.6750
05/15/2020,168.8910
05/14/2020,168.9670
05/13/2020,168.7080
05/12/2020,168.6250
05/11/2020,168.7390
05/08/2020,169.0900
05/07/2020,169.1630
05/06/2020,169.0300
05/05/2020,168.9330
05/04/2020,169.0350
05/01/2020,168.8880
04/30/2020,168.9200
04/29/2020,168.6280
04/28/2020,168.5560
04/27/2020,168.3780
04/24/2020,168.4710
04/23/2020,168.5880
04/22/2020,168.4430
04/21/2020,168.0960
04/20/2020,168.0610
04/17/2020,168.2560
04/16/2020,168.3190
04/15/2020,168.3220
04/14/2020,167.9960
04/13/2020,168.1350
04/09/2020,168.4870
04/08/2020,168.5870
04/07/2020,168.4130
04/06/2020,168.3370
04/03/2020,168.0060
04/02/2020,168.1670
04/01/2020,167.9760
03/31/2020,167.8910
03/30/2020,168.2600
03/27/2020,167.6200
03/26/2020,167.3530
03/25/2020,167.2410
03/24/2020,167.3520
03/23/2020,165.7500
03/20/2020,163.9660
03/19/2020,162.9440
03/18/2020,164.0570
03/17/2020,165.9950
03/16/2020,166.2160
03/13/2020,165.3070
03/12/2020,165.8100
03/11/2020,166.4180
03/10/2020,166.8740
03/09/2020,167.5730
03/06/2020,167.3340
03/05/2020,166.9870
03/04/2020,166.8380
03/03/2020,166.7880
03/02/2020,166.7110
02/29/2020,166.4820
02/28/2020,166.4660
02/27/2020,165.7620
02/26/2020,165.6310
02/25/2020,165.5980
02/24/2020,165.4450
02/21/2020,165.2930
02/20/2020,165.0790
02/19/2020,164.9700
02/18/2020,164.9710
02/17/2020,164.9570
02/14/2020,164.9100
02/13/2020,164.8890
02/12/2020,164.8470
02/11/2020,164.9280
02/10/2020,164.8780
02/07/2020,164.8810
02/06/2020,164.6530
02/05/2020,164.5060
02/04/2020,164.5130
02/03/2020,164.6290
01/31/2020,164.6110
01/30/2020,164.4990
01/29/2020,164.4710
01/28/2020,164.4120
01/27/2020,164.4260
01/24/2020,164.3160
01/23/2020,164.2090
01/22/2020,164.0280
01/21/2020,164.0610
01/20/2020,164.0120
01/17/2020,163.9640
01/16/2020,163.9460
01/15/2020,163.9550
01/14/2020,163.9640
01/13/2020,163.9100
01/10/2020,163.8130
01/09/2020,163.5920
01/08/2020,163.5240
01/07/2020,163.6420
01/06/2020,163.6070
01/03/2020,163.5840
01/02/2020,163.4340
12/31/2019,163.3360
12/30/2019,163.3450
12/27/2019,163.2540
12/26/2019,163.0480
12/24/2019,163.0040
12/23/2019,162.9610
12/20/2019,163.0140
12/19/2019,163.0320
12/18/2019,162.9290
12/17/2019,163.0510
12/16/2019,162.9460
12/13/2019,163.0600
12/12/2019,162.7390
12/11/2019,162.9900
12/10/2019,162.8460
12/09/2019,162.6220
12/06/2019,162.6520
12/05/2019,162.6650
12/04/2019,162.7320
12/03/2019,162.8460
12/02/2019,162.5030
11/30/2019,162.6690
11/29/2019,162.6530
11/28/2019,162.5980
11/27/2019,162.5820
11/26/2019,162.6930
11/25/2019,162.6060
11/22/2019,162.5430
11/21/2019,162.5810
11/20/2019,162.5420
11/19/2019,162.5160
11/18/2019,162.5790
11/15/2019,162.4870
11/14/2019,162.4430
11/13/2019,162.3420
11/12/2019,162.2900
11/11/2019,162.1780
11/08/2019,162.1300
11/07/2019,162.0030
11/06/2019,162.2850
11/05/2019,162.0970
11/04/2019,162.4120
11/01/2019,162.4260
10/31/2019,162.4620
10/30/2019,162.0670
10/29/2019,161.9290
10/28/2019,161.7510
10/25/2019,161.7740
10/24/2019,161.9240
10/23/2019,161.9320
10/22/2019,161.8230
10/21/2019,161.7710
10/18/2019,161.8750
10/17/2019,161.9000
10/16/2019,162.0020
10/15/2019,161.9530
10/14/2019,161.9820
10/11/2019,161.9330
10/10/2019,162.0190
10/09/2019,162.1910
10/08/2019,162.3540
10/07/2019,162.2980
10/04/2019,162.3780
10/03/2019,162.3600
10/02/2019,162.2170
10/01/2019,162.1260
09/30/2019,162.0170
09/27/2019,161.9310
09/26/2019,161.7880
09/25/2019,161.5500
09/24/2019,161.7970
09/23/2019,161.6870
09/20/2019,161.6220
09/19/2019,161.5150
09/18/2019,161.4190
09/17/2019,161.3330
09/16/2019,161.5830
09/13/2019,161.4030
09/12/2019,161.6260
09/11/2019,161.7390
09/10/2019,161.6380
09/09/2019,161.8340
09/06/2019,161.9530
09/05/2019,161.9280
09/04/2019,162.2200
09/03/2019,162.1340
09/02/2019,161.8590
08/31/2019,162.0040
08/30/2019,161.9880
08/29/2019,161.9000
08/28/2019,161.9340
08/27/2019,161.8790
08/26/2019,161.6780
08/23/2019,161.8180
08/22/2019,161.6500
08/21/2019,161.7260
08/20/2019,161.6610
08/19/2019,161.5180
08/16/2019,161.5440
08/15/2019,161.4130
08/14/2019,161.2090
08/13/2019,161.0510
08/12/2019,161.2700
08/09/2019,161.1950
08/08/2019,161.2940
08/07/2019,161.4960
08/06/2019,161.4700
08/05/2019,161.4800
08/02/2019,161.1270
08/01/2019,161.2400
07/31/2019,160.7280
07/30/2019,160.6330
07/29/2019,160.6800
07/26/2019,160.5550
07/25/2019,160.6220
07/24/2019,160.7170
07/23/2019,160.5780
07/22/2019,160.6110
07/19/2019,160.5480
07/18/2019,160.4740
07/17/2019,160.3610
07/16/2019,160.0760
07/15/2019,160.2400
07/12/2019,160.2030
07/11/2019,160.1990
07/10/2019,160.3710
07/09/2019,160.2050
07/08/2019,160.2740
07/05/2019,160.1870
07/04/2019,160.3930
07/03/2019,160.3770
07/02/2019,160.1900
07/01/2019,159.9600
06/30/2019,159.9940
06/28/2019,159.9620
06/27/2019,159.8480
06/26/2019,159.5400
06/25/2019,159.7480
06/24/2019,159.6630
06/21/2019,159.5380
06/20/2019,159.9680
06/19/2019,159.6900
06/18/2019,159.3220
06/17/2019,159.0540
06/14/2019,159.0690
06/13/2019,159.2580
06/12/2019,159.0870
06/11/2019,158.9610
06/10/2019,159.0310
06/07/2019,159.2540
06/06/2019,158.9750
06/05/2019,158.9790
06/04/2019,159.0530
06/03/2019,159.2320
05/31/2019,158.8620
05/30/2019,158.4660
05/29/2019,158.3420
05/28/2019,158.1670
05/27/2019,157.9340
05/24/2019,157.8870
05/23/2019,158.0650
05/22/2019,157.6110
05/21/2019,157.4580
05/20/2019,157.5040
05/17/2019,157.6490
05/16/2019,157.5680
05/15/2019,157.7320
05/14/2019,157.5270
05/13/2019,157.5340
05/10/2019,157.3000
05/09/2019,157.1900
05/08/2019,157.1700
05/07/2019,157.3240
05/06/2019,157.2160
05/03/2019,156.9910
05/02/2019,156.7080
05/01/2019,156.8570
04/30/2019,156.7840
04/29/2019,156.6650
04/26/2019,156.8720
04/25/2019,156.6210
04/24/2019,156.6070
04/23/2019,156.3350
04/22/2019,156.1880
04/18/2019,156.3890
04/17/2019,156.2940
04/16/2019,156.2470
04/15/2019,156.4950
04/12/2019,156.4870
04/11/2019,156.8080
04/10/2019,156.8630
04/09/2019,156.6960
04/08/2019,156.7050
04/05/2019,156.8090
04/04/2019,156.5930
04/03/2019,156.4860
04/02/2019,156.6430
04/01/2019,156.5410
03/31/2019,156.9960
03/29/2019,156.9650
03/28/2019,157.0930
03/27/2019,157.2410
03/26/2019,157.1000
03/25/2019,156.8980
03/22/2019,156.6160
03/21/2019,156.1800
03/20/2019,156.0160
03/19/2019,155.6370
03/18/2019,155.5960
03/15/2019,155.4600
03/14/2019,155.2920
03/13/2019,155.4440
03/12/2019,155.4260
03/11/2019,155.0770
03/08/2019,155.1230
03/07/2019,154.9900
03/06/2019,154.6290
03/05/2019,154.4340
03/04/2019,154.3470
03/01/2019,154.1700
02/28/2019,154.4200
02/27/2019,154.5640
02/26/2019,154.8060
02/25/2019,154.6280
02/22/2019,154.7240
02/21/2019,154.4960
02/20/2019,154.6580
02/19/2019,154.6610
02/18/2019,154.4520
02/15/2019,154.4050
02/14/2019,154.4920
02/13/2019,154.2330
02/12/2019,154.4170
02/11/2019,154.3900
02/08/2019,154.5040
02/07/2019,154.4280
02/06/2019,154.1890
02/05/2019,154.1420
02/04/2019,153.9150
02/01/2019,154.0660
01/31/2019,154.5950
01/30/2019,154.0540
01/29/2019,153.7390
01/28/2019,153.4370
01/25/2019,153.2750
01/24/2019,153.5240
01/23/2019,153.2400
01/22/2019,153.4690
01/21/2019,153.2580
01/18/2019,153.2110
01/17/2019,153.4070
01/16/2019,153.4870
01/15/2019,153.5730
01/14/2019,153.5410
01/11/2019,153.5490
01/10/2019,153.2220
01/09/2019,153.2460
01/08/2019,153.2970
01/07/2019,153.4650
01/04/2019,153.5690
01/03/2019,154.1270
01/02/2019,153.3670
12/31/2018,153.2270
12/28/2018,152.8420
12/27/2018,152.6740
12/26/2018,152.3290
12/24/2018,152.5760
12/21/2018,152.4010
12/20/2018,152.3830
12/19/2018,152.5590
12/18/2018,152.2500
12/17/2018,151.7120
12/14/2018,151.4980
12/13/2018,151.4530
12/12/2018,151.4420
12/11/2018,151.5620
12/10/2018,151.6670
12/07/2018,151.5930
12/06/2018,151.2230
12/05/2018,150.9230
12/04/2018,150.9080
12/03/2018,150.5340
11/30/2018,150.2630
11/29/2018,150.1720
11/28/2018,150.1230
11/27/2018,149.7900
11/26/2018,149.5730
11/23/2018,149.6090
11/22/2018,149.5770
11/21/2018,149.5620
11/20/2018,149.6300
11/19/2018,149.7260
11/16/2018,149.7180
11/15/2018,149.1750
11/14/2018,149.0210
11/13/2018,148.7580
11/12/2018,148.5080
11/09/2018,148.4630
11/08/2018,148.2750
11/07/2018,148.5210
11/06/2018,148.2950
11/05/2018,148.2820
11/02/2018,148.2850
11/01/2018,148.9660
10/31/2018,148.8490
10/30/2018,149.1180
10/29/2018,149.3350
10/26/2018,149.4460
10/25/2018,149.0690
10/24/2018,149.0310
10/23/2018,148.8430
10/22/2018,148.6000
10/19/2018,148.5130
10/18/2018,148.7480
10/17/2018,148.8570
10/16/2018,148.9600
10/15/2018,148.8520
10/12/2018,149.0290
10/11/2018,149.1480
10/10/2018,148.5040
10/09/2018,148.6800
10/08/2018,148.3640
10/05/2018,148.3180
10/04/2018,148.6570
10/03/2018,149.0890
10/02/2018,149.9420
10/01/2018,149.7910
09/30/2018,149.8960
09/28/2018,149.8660
09/27/2018,149.8360
09/26/2018,149.7130
09/25/2018,149.3820
09/24/2018,149.5440
09/21/2018,149.5760
09/20/2018,149.4300
09/19/2018,149.3150
09/18/2018,149.5910
09/17/2018,149.9320
09/14/2018,150.0360
09/13/2018,150.2930
09/12/2018,150.2240
09/11/2018,150.0270
09/10/2018,150.3300
09/07/2018,150.2760
09/05/2018,150.5090
09/04/2018,150.5570
09/03/2018,150.9260
08/31/2018,150.8970
08/30/2018,150.7800
08/29/2018,150.6820
08/28/2018,150.7520
08/27/2018,150.9970
08/24/2018,151.0760
08/23/2018,151.0870
08/22/2018,151.0630
08/21/2018,150.9410
08/20/2018,151.0600
08/17/2018,150.7230
08/16/2018,150.6750
08/15/2018,150.7720
08/14/2018,150.4990
08/13/2018,150.6400
08/10/2018,150.8390
08/09/2018,150.3350
08/08/2018,150.0980
08/07/2018,149.9930
08/06/2018,150.2910
08/03/2018,150.1420
08/02/2018,149.8830
08/01/2018,149.7610
07/31/2018,149.9720
07/30/2018,149.8300
07/27/2018,149.9240
07/26/2018,149.8860
07/25/2018,150.1420
07/24/2018,150.0000
07/23/2018,149.8250
07/20/2018,150.3710
07/19/2018,150.6860
07/18/2018,150.4660
07/17/2018,150.4090
07/16/2018,150.4180
07/13/2018,150.5770
07/12/2018,150.3680
07/11/2018,150.3910
07/10/2018,150.2060
07/09/2018,150.2810
07/06/2018,150.4290
07/05/2018,150.2570
07/04/2018,150.2430
07/03/2018,150.2280
07/02/2018,150.0250
06/30/2018,150.2010
06/29/2018,150.1870
06/28/2018,150.0900
06/27/2018,150.1920
06/26/2018,149.8430
06/25/2018,149.8110
06/22/2018,149.6820
06/21/2018,149.7450
06/20/2018,149.5420
06/19/2018,149.7350
06/18/2018,149.4910
06/15/2018,149.4620
06/14/2018,149.3610
06/13/2018,149.0430
06/12/2018,149.1220
06/11/2018,148.9870
06/08/2018,149.1400
06/07/2018,149.2580
06/06/2018,148.9470
06/05/2018,149.4040
06/04/2018,149.3290
06/01/2018,149.5800
05/31/2018,150.1060
05/30/2018,149.9790
05/29/2018,150.4970
05/28/2018,149.2780
05/25/2018,149.2350
05/24/2018,148.8700
05/23/2018,148.6960
05/22/2018,148.1310
05/21/2018,148.1810
05/18/2018,148.1490
05/17/2018,147.7700
05/16/2018,147.7930
05/15/2018,147.9050
05/14/2018,148.6820
05/13/2018,148.8430
05/12/2018,148.8430
05/11/2018,148.8430
05/10/2018,148.7390
05/09/2018,148.4350
05/08/2018,148.7330
05/07/2018,148.9500
05/06/2018,148.9410
05/05/2018,148.9410
05/04/2018,148.9410
05/03/2018,148.8150
05/02/2018,148.6890
05/01/2018,148.5880
04/30/2018,148.8620
04/29/2018,148.6570
04/28/2018,148.6570
04/27/2018,148.6570
04/26/2018,148.2840
04/25/2018,147.8830
04/24/2018,148.2070
04/23/2018,148.3280
04/22/2018,148.5780
04/21/2018,148.5780
04/20/2018,148.5780
04/19/2018,148.8610
04/18/2018,149.1660
04/17/2018,149.5240
04/16/2018,149.4580
04/15/2018,149.3470
04/14/2018,149.3470
04/13/2018,149.3470
03/31/2018,149.6980
02/28/2018,148.6200
01/31/2018,149.7600
12/31/2017,151.8240
11/30/2017,151.1610
10/31/2017,151.3020
10/27/2017,150.8810
10/26/2017,150.5520
10/25/2017,150.7320
10/24/2017,150.9330
10/23/2017,151.2060
10/22/2017,151.0450
10/21/2017,151.0450
10/20/2017,151.0450
10/19/2017,151.3390
10/18/2017,151.3260
10/17/2017,151.6330
10/16/2017,151.5880
10/15/2017,151.7680
10/14/2017,151.7680
10/13/2017,151.7680
10/12/2017,151.4860
10/11/2017,151.2950
10/10/2017,151.2180
10/09/2017,151.0550
10/08/2017,151.0540
10/07/2017,151.0540
10/06/2017,151.0540
10/05/2017,151.1980
10/04/2017,151.4130
10/03/2017,151.4070
10/02/2017,151.3430
10/01/2017,151.3420
09/30/2017,151.3420
09/29/2017,151.3420
09/28/2017,151.4490
09/27/2017,151.3380
09/26/2017,151.7790
09/25/2017,151.7360
09/24/2017,151.4510
09/23/2017,151.4510
09/22/2017,151.4510
09/21/2017,151.2880
09/20/2017,151.2550
09/19/2017,151.5140
09/18/2017,151.4910
09/17/2017,151.6270
09/16/2017,151.6270
09/15/2017,151.6270
09/14/2017,151.6460
09/13/2017,151.6260
09/12/2017,151.6920
09/11/2017,151.8610
09/10/2017,152.1600
09/09/2017,152.1600
09/08/2017,152.1600
09/07/2017,152.2260
09/06/2017,151.9510
09/05/2017,152.1750
09/04/2017,151.6320
09/03/2017,151.6320
09/02/2017,151.6320
09/01/2017,151.6320
08/31/2017,151.8510
08/30/2017,151.6620
08/29/2017,151.7230
08/28/2017,151.6050
08/27/2017,151.5090
08/26/2017,151.5090
08/25/2017,151.5090
08/24/2017,151.3610
08/23/2017,151.4430
08/22/2017,151.1990
08/21/2017,151.3640
08/20/2017,151.3320
08/19/2017,151.3320
08/18/2017,151.3320
08/17/2017,151.3480
08/16/2017,151.1840
08/15/2017,150.9250
08/14/2017,151.1860
08/13/2017,151.2330
08/12/2017,151.2330
08/11/2017,151.2330
08/10/2017,151.1020
08/09/2017,151.0500
08/08/2017,150.7560
08/07/2017,150.8820
08/06/2017,150.7300
08/05/2017,150.7300
08/04/2017,150.7300
08/03/2017,150.9330
08/02/2017,150.7060
08/01/2017,150.7610
07/31/2017,150.4520
07/30/2017,150.4430
07/29/2017,150.4430
07/28/2017,150.4430
07/27/2017,150.2730
07/26/2017,150.4150
07/25/2017,149.9750
07/24/2017,150.5180
07/23/2017,150.5860
07/22/2017,150.5860
07/21/2017,150.5860
07/20/2017,150.3420
07/19/2017,150.3510
07/18/2017,150.3660
07/17/2017,150.0570
07/16/2017,149.9580
07/15/2017,149.9580
07/14/2017,149.9580
07/13/2017,149.8320
07/12/2017,149.9210
07/11/2017,149.5220
07/10/2017,149.4110
07/09/2017,149.1820
07/08/2017,149.1820
07/07/2017,149.1820
07/06/2017,149.3030
07/05/2017,149.4860
07/04/2017,149.3360
07/03/2017,149.3360
07/02/2017,149.6770
07/01/2017,149.6770
06/30/2017,149.6770
06/29/2017,149.9620
06/28/2017,150.2460
06/27/2017,150.2250
06/26/2017,150.6080
06/25/2017,150.5240
06/24/2017,150.5240
06/23/2017,150.5240
06/22/2017,150.4530
06/21/2017,150.4080
06/20/2017,150.4830
06/19/2017,150.2270
06/18/2017,150.3760
06/17/2017,150.3760
06/16/2017,150.3760
06/15/2017,150.3040
06/14/2017,150.6070
06/13/2017,150.1280
06/12/2017,150.1140
06/11/2017,150.2250
06/10/2017,150.2250
06/09/2017,150.2250
06/08/2017,150.3210
06/07/2017,150.4010
06/06/2017,150.5970
06/05/2017,150.3230
06/04/2017,150.3750
06/03/2017,150.3750
06/02/2017,150.3750
06/01/2017,150.0400
05/31/2017,150.1880
05/30/2017,150.0960
05/29/2017,149.8350
05/28/2017,149.8350
05/27/2017,149.8350
05/26/2017,149.8350
05/25/2017,149.8370
05/24/2017,149.7070
05/23/2017,149.4650
05/22/2017,149.6900
05/21/2017,149.6930
05/20/2017,149.6930
05/19/2017,149.6930
05/18/2017,149.8130
05/17/2017,150.0900
05/16/2017,149.2300
05/15/2017,149.0830
05/14/2017,149.0580
05/13/2017,149.0580
05/12/2017,149.0580
05/11/2017,148.4400
05/10/2017,148.4130
05/09/2017,148.4790
05/08/2017,148.6780
05/07/2017,148.7970
05/06/2017,148.7970
05/05/2017,148.7970
05/04/2017,148.7050
05/03/2017,148.9590
05/02/2017,149.1260
05/01/2017,148.8470
04/30/2017,149.0930
04/29/2017,149.0930
04/28/2017,149.0930
04/27/2017,148.9800
04/26/2017,148.7280
04/25/2017,148.5650
04/24/2017,149.0290
04/23/2017,149.2540
04/22/2017,149.2540
04/21/2017,149.2540
04/20/2017,149.2140
04/19/2017,149.5120
04/18/2017,149.6900
04/17/2017,149.1820
04/16/2017,149.2660
04/15/2017,149.2660
04/14/2017,149.2660
04/13/2017,149.2660
04/12/2017,148.7940
04/11/2017,148.7670
04/10/2017,148.2210
04/09/2017,148.1240
04/08/2017,148.1240
04/07/2017,148.1240
04/06/2017,148.4310
04/05/2017,148.3300
04/04/2017,148.3740
04/03/2017,148.3260
04/02/2017,147.8790
04/01/2017,147.8790
03/31/2017,147.8790
03/30/2017,147.6390
03/29/2017,147.8120
03/28/2017,147.5320
03/27/2017,147.9250
03/26/2017,147.6910
03/25/2017,147.6910
03/24/2017,147.6910
03/23/2017,147.6160
03/22/2017,147.8090
03/21/2017,147.5110
03/20/2017,147.1560
03/19/2017,146.9410
03/18/2017,146.9410
03/17/2017,146.9410
03/16/2017,146.7370
03/15/2017,146.8670
03/14/2017,145.8800
03/13/2017,145.8000
03/12/2017,146.0820
03/11/2017,146.0820
03/10/2017,146.0820
03/09/2017,145.9340
03/08/2017,146.4250
03/07/2017,146.7820
03/06/2017,146.9110
03/05/2017,146.8230
03/04/2017,146.8230
03/03/2017,146.8230
03/02/2017,146.7700
03/01/2017,147.0180
02/28/2017,147.7950
02/27/2017,147.7850
02/26/2017,148.2200
02/25/2017,148.2200
02/24/2017,148.2200
02/23/2017,147.6600
02/22/2017,147.3760
02/21/2017,147.3440
02/20/2017,147.3900
02/19/2017,147.3900
02/18/2017,147.3900
02/17/2017,147.3900
02/16/2017,147.1920
02/15/2017,146.7600
02/14/2017,147.1110
02/13/2017,147.3300
02/12/2017,147.4600
02/11/2017,147.4600
02/10/2017,147.4600
02/09/2017,147.5120
02/08/2017,147.9110
02/07/2017,147.4990
02/06/2017,147.3450
02/05/2017,146.8040
02/04/2017,146.8040
02/03/2017,146.8040
02/02/2017,146.8900
02/01/2017,146.7580
01/31/2017,146.9540
01/30/2017,146.8070
01/29/2017,146.7070
01/28/2017,146.7070
01/27/2017,146.7070
01/26/2017,146.4630
01/25/2017,146.3010
01/24/2017,146.7030
01/23/2017,147.2370
01/22/2017,146.6840
01/21/2017,146.6840
01/20/2017,146.6840
01/19/2017,146.5910
01/18/2017,147.1170
01/17/2017,147.7350
01/16/2017,147.3450
01/15/2017,147.3450
01/14/2017,147.3450
01/13/2017,147.3450
01/12/2017,147.6480
01/11/2017,147.5940
01/10/2017,147.4250
01/09/2017,147.3980
01/08/2017,147.0990
01/07/2017,147.0990
01/06/2017,147.0990
01/05/2017,147.4970
01/04/2017,146.7700
01/03/2017,146.9030
01/02/2017,147.0870
01/01/2017,147.0870
12/31/2016,147.0870
12/30/2016,147.0870
12/29/2016,146.6520
12/28/2016,146.1720
12/27/2016,145.6530
12/26/2016,145.7410
12/25/2016,145.7410
12/24/2016,145.7410
12/23/2016,145.7410
12/22/2016,145.7500
12/21/2016,145.7200
12/20/2016,145.4430
12/19/2016,145.5340
12/18/2016,145.0740
12/17/2016,145.0740
12/16/2016,145.0740
12/15/2016,145.3170
12/14/2016,146.0410
12/13/2016,146.5000
12/12/2016,146.5450
12/11/2016,146.5380
12/10/2016,146.5380
12/09/2016,146.5380
12/08/2016,147.1420
12/07/2016,147.3220
12/06/2016,146.8540
12/05/2016,146.8430
12/04/2016,146.8730
12/03/2016,146.8730
12/02/2016,146.8730
12/01/2016,146.4720
11/30/2016,147.0030
11/29/2016,147.3750
11/28/2016,147.2510
11/27/2016,146.6080
11/26/2016,146.6080
11/25/2016,146.6080
11/24/2016,146.8570
11/23/2016,146.8570
11/22/2016,147.2730
11/21/2016,147.1590
11/20/2016,147.2270
11/19/2016,147.2270
11/18/2016,147.2270
11/17/2016,147.8670
11/16/2016,148.1690
11/15/2016,147.9510
11/14/2016,147.8510
11/13/2016,148.7860
11/12/2016,148.7860
11/11/2016,148.7860
11/10/2016,148.7860
11/09/2016,149.1690
11/08/2016,150.1220
11/07/2016,150.2780
11/06/2016,150.3150
11/05/2016,150.3150
11/04/2016,150.3150
11/03/2016,150.2550
11/02/2016,150.2530
11/01/2016,150.2220
10/31/2016,150.1890
10/30/2016,150.1600
10/29/2016,150.1600
10/28/2016,150.1600
10/27/2016,150.1330
10/26/2016,150.3070
10/25/2016,150.3930
10/24/2016,150.4260
10/23/2016,150.5030
10/22/2016,150.5030
10/21/2016,150.5030
10/20/2016,150.4690
10/19/2016,150.4510
10/18/2016,150.4260
10/17/2016,150.3210
10/16/2016,150.2450
10/15/2016,150.2450
10/14/2016,150.2450
10/13/2016,150.4100
10/12/2016,150.2470
10/11/2016,150.2710
10/10/2016,150.3710
10/09/2016,150.3710
10/08/2016,150.3710
10/07/2016,150.3710
10/06/2016,150.3710
10/05/2016,150.4460
10/04/2016,150.5150
10/03/2016,150.7330
10/02/2016,150.7800
10/01/2016,150.7800
09/30/2016,150.7800
09/29/2016,150.8790
09/28/2016,150.8750
09/27/2016,150.9180
09/26/2016,150.8770
09/25/2016,150.6880
09/24/2016,150.6880
09/23/2016,150.6880
09/22/2016,150.6170
09/21/2016,150.4210
09/20/2016,150.2780
09/19/2016,150.3150
09/18/2016,150.3830
09/17/2016,150.3830
09/16/2016,150.3830
09/15/2016,150.3670
09/14/2016,150.2930
09/13/2016,150.0880
09/12/2016,150.1810
09/11/2016,150.0700
09/10/2016,150.0700
09/09/2016,150.0700
09/08/2016,150.3380
09/07/2016,150.6150
09/06/2016,150.5260
09/05/2016,150.2240
09/04/2016,150.2240
09/03/2016,150.2240
09/02/2016,150.2240
09/01/2016,150.2750
08/31/2016,150.3210
08/30/2016,150.3010
08/29/2016,150.3150
08/28/2016,150.0510
08/27/2016,150.0510
08/26/2016,150.0510
08/25/2016,150.2840
08/24/2016,150.2750
08/23/2016,150.2590
08/22/2016,150.2470
08/21/2016,150.0980
08/20/2016,150.0980
08/19/2016,150.0980
08/18/2016,150.3150
08/17/2016,150.1480
08/16/2016,150.0410
08/15/2016,150.1200
08/14/2016,150.2500
08/13/2016,150.2500
08/12/2016,150.2500
08/11/2016,150.1030
08/10/2016,150.3570
08/09/2016,150.1880
08/08/2016,150.0250
08/07/2016,150.0330
08/06/2016,150.0330
08/05/2016,150.0330
08/04/2016,150.1880
08/03/2016,149.9610
08/02/2016,149.9390
08/01/2016,150.1360
07/31/2016,150.2370
07/30/2016,150.2370
07/29/2016,150.2370
07/28/2016,150.0010
07/27/2016,149.9240
07/26/2016,149.7270
07/25/2016,149.7570
07/24/2016,149.7880
07/23/2016,149.7880
07/22/2016,149.7880
07/21/2016,149.8650
07/20/2016,149.8820
07/19/2016,149.9170
07/18/2016,149.7890
07/17/2016,149.7490
07/16/2016,149.7490
07/15/2016,149.7490
07/14/2016,149.9060
07/13/2016,150.0540
07/12/2016,149.9490
07/11/2016,150.1030
07/10/2016,150.1950
07/09/2016,150.1950
07/08/2016,150.1950
07/07/2016,150.1000
07/06/2016,150.1420
07/05/2016,150.2320
07/04/2016,149.9590
07/03/2016,149.9590
07/02/2016,149.9590
07/01/2016,149.9590
06/30/2016,149.8460
06/29/2016,149.7170
06/28/2016,149.7850
06/27/2016,149.8200
06/26/2016,149.4580
06/25/2016,149.4580
06/24/2016,149.4580
06/23/2016,148.9590
06/22/2016,149.0120
06/21/2016,148.9680
06/20/2016,149.1050
06/19/2016,149.1860
06/18/2016,149.1860
06/17/2016,149.1860
06/16/2016,149.4140
06/15/2016,149.3220
06/14/2016,149.1740
06/13/2016,149.1870
06/12/2016,149.1260
06/11/2016,149.1260
06/10/2016,149.1260
06/09/2016,149.0060
06/08/2016,148.9250
06/07/2016,148.8980
06/06/2016,148.7820
06/05/2016,148.8590
06/04/2016,148.8590
06/03/2016,148.8590
06/02/2016,148.4020
06/01/2016,148.3080
05/31/2016,148.3940
05/30/2016,148.3000
05/29/2016,148.3000
05/28/2016,148.3000
05/27/2016,148.3000
05/26/2016,148.3210
05/25/2016,148.0710
05/24/2016,148.1510
05/23/2016,148.1880
05/22/2016,148.1880
05/21/2016,148.1880
05/20/2016,148.1880
05/19/2016,148.1780
05/18/2016,147.8780
05/17/2016,148.4260
05/16/2016,148.5030
05/15/2016,148.6690
05/14/2016,148.6690
05/13/2016,148.6690
05/12/2016,148.5170
05/11/2016,148.5980
05/10/2016,148.5340
05/09/2016,148.5730
05/08/2016,148.4890
05/07/2016,148.4890
05/06/2016,148.4890
05/05/2016,148.4320
05/04/2016,148.2900
05/03/2016,148.3170
05/02/2016,148.0480
05/01/2016,148.2050
04/30/2016,148.2050
04/29/2016,148.2050
04/28/2016,148.0880
04/27/2016,147.8760
04/26/2016,147.6170
04/25/2016,147.7040
04/24/2016,147.6970
04/23/2016,147.6970
04/22/2016,147.6970
04/21/2016,147.7370
04/20/2016,147.8160
04/19/2016,148.1530
04/18/2016,148.2050
04/17/2016,148.2310
04/16/2016,148.2310
04/15/2016,148.2310
04/14/2016,148.1390
04/13/2016,148.1890
04/12/2016,148.0960
04/11/2016,148.3250
04/10/2016,148.2070
04/09/2016,148.2070
04/08/2016,148.2070
04/07/2016,148.1760
04/06/2016,148.0300
04/05/2016,148.1190
04/04/2016,147.9930
04/03/2016,147.9760
04/02/2016,147.9760
04/01/2016,147.9760
03/31/2016,147.9590
03/30/2016,147.7320
03/29/2016,147.7210
03/28/2016,147.3170
03/27/2016,147.2310
03/26/2016,147.2310
03/25/2016,147.2310
03/24/2016,147.2310
03/23/2016,147.3560
03/22/2016,147.1370
03/21/2016,147.2390
03/20/2016,147.5110
03/19/2016,147.5110
03/18/2016,147.5110
03/17/2016,147.4390
03/16/2016,147.1630
03/15/2016,146.8250
03/14/2016,146.9480
03/13/2016,146.8420
03/12/2016,146.8420
03/11/2016,146.8420
03/10/2016,146.9770
03/09/2016,146.9860
03/08/2016,147.3320
03/07/2016,147.0900
03/06/2016,147.1500
03/05/2016,147.1500
03/04/2016,147.1500
03/03/2016,147.3620
03/02/2016,147.1660
03/01/2016,147.1830
02/29/2016,147.4840
02/28/2016,147.3170
02/27/2016,147.3170
02/26/2016,147.3170
02/25/2016,147.5550
02/24/2016,147.4590
02/23/2016,147.4280
02/22/2016,147.4070
02/21/2016,147.4900
02/20/2016,147.4900
02/19/2016,147.4900
02/18/2016,147.4920
02/17/2016,147.2070
02/16/2016,147.3230
02/15/2016,147.3010
02/14/2016,147.3010
02/13/2016,147.3010
02/12/2016,147.3010
02/11/2016,147.8340
02/10/2016,147.6270
02/09/2016,147.4980
02/08/2016,147.3540
02/07/2016,147.0630
02/06/2016,147.0630
02/05/2016,147.0630
02/04/2016,147.0250
02/03/2016,146.9510
02/02/2016,147.0310
02/01/2016,146.5480
01/31/2016,146.8610
01/30/2016,146.8610
01/29/2016,146.8610
01/28/2016,146.6350
01/27/2016,146.4300
01/26/2016,146.4260
01/25/2016,146.2350
01/24/2016,146.0880
01/23/2016,146.0880
01/22/2016,146.0880
01/21/2016,146.1810
01/20/2016,146.2940
01/19/2016,146.0290
01/18/2016,146.0340
01/17/2016,146.0340
01/16/2016,146.0340
01/15/2016,146.0340
01/14/2016,145.7310
01/13/2016,145.8280
01/12/2016,145.7220
01/11/2016,145.3910
01/10/2016,145.4490
01/09/2016,145.4490
01/08/2016,145.4490
01/07/2016,145.2750
01/06/2016,145.1110
01/05/2016,144.6440
01/04/2016,144.6590
01/03/2016,144.5530
01/02/2016,144.5530
01/01/2016,144.5530
12/31/2015,144.5530
12/30/2015,144.2030
12/29/2015,144.0890
12/28/2015,144.4440
12/27/2015,144.2290
12/26/2015,144.2290
12/25/2015,144.2290
12/24/2015,144.2290
12/23/2015,144.1120
12/22/2015,144.2910
12/21/2015,144.6490
12/20/2015,144.6460
12/19/2015,144.6460
12/18/2015,144.6460
12/17/2015,144.4590
12/16/2015,144.1740
12/15/2015,144.2310
12/14/2015,144.4190
12/13/2015,144.9030
12/12/2015,144.9030
12/11/2015,144.9030
12/10/2015,144.4360
12/09/2015,144.7230
12/08/2015,144.6310
12/07/2015,144.7780
12/06/2015,144.3090
12/05/2015,144.3090
12/04/2015,144.3090
12/03/2015,143.9100
12/02/2015,144.8880
12/01/2015,145.0290
11/30/2015,144.6330
11/29/2015,144.4650
11/28/2015,144.4650
11/27/2015,144.4650
11/26/2015,144.3880
11/25/2015,144.3880
11/24/2015,144.3790
11/23/2015,144.3340
11/22/2015,144.3070
11/21/2015,144.3070
11/20/2015,144.3070
11/19/2015,144.4750
11/18/2015,144.2990
11/17/2015,144.3050
11/16/2015,144.2090
11/15/2015,144.1220
11/14/2015,144.1220
11/13/2015,144.1220
11/12/2015,143.8190
11/11/2015,143.9170
11/10/2015,143.9170
11/09/2015,143.7890
11/08/2015,143.9390
11/07/2015,143.9390
11/06/2015,143.9390
11/05/2015,144.4360
11/04/2015,144.5070
11/03/2015,144.7330
11/02/2015,144.9220
11/01/2015,144.9710
10/31/2015,144.9710
10/30/2015,144.9710
10/29/2015,144.7190
10/28/2015,145.2120
10/27/2015,145.7130
10/26/2015,145.5090
10/25/2015,145.4110
10/24/2015,145.4110
10/23/2015,145.4110
10/22/2015,145.7130
10/21/2015,145.5240
10/20/2015,145.3510
10/19/2015,145.5520
10/18/2015,145.5080
10/17/2015,145.5080
10/16/2015,145.5080
10/15/2015,145.4920
10/14/2015,145.6110
10/13/2015,145.1760
10/12/2015,144.9860
10/11/2015,144.9860
10/10/2015,144.9860
10/09/2015,144.9860
10/08/2015,144.9700
10/07/2015,145.2380
10/06/2015,145.2620
10/05/2015,145.1640
10/04/2015,145.3930
10/03/2015,145.3930
10/02/2015,145.3930
10/01/2015,145.1020
09/30/2015,144.9800
09/29/2015,144.9060
09/28/2015,144.6320
09/27/2015,144.3450
09/26/2015,144.3450
09/25/2015,144.3450
09/24/2015,144.5390
09/23/2015,144.5400
09/22/2015,144.6650
09/21/2015,144.2510
09/20/2015,144.7530
09/19/2015,144.7530
09/18/2015,144.7530
09/17/2015,144.3430
09/16/2015,143.5800
09/15/2015,143.6150
09/14/2015,144.1980
09/13/2015,144.1400
09/12/2015,144.1400
09/11/2015,144.1400
09/10/2015,143.9360
09/09/2015,144.2070
09/08/2015,144.0310
09/07/2015,144.1980
09/06/2015,144.1980
09/05/2015,144.1980
09/04/2015,144.1980
09/03/2015,144.0690
09/02/2015,143.8080
09/01/2015,143.9930
08/31/2015,143.8590
08/30/2015,143.9480
08/29/2015,143.9480
08/28/2015,143.9480
08/27/2015,143.9830
08/26/2015,143.9200
08/25/2015,143.8990
08/24/2015,144.6020
08/23/2015,144.3870
08/22/2015,144.3870
08/21/2015,144.3870
08/20/2015,144.1960
08/19/2015,144.0260
08/18/2015,143.4750
08/17/2015,143.6380
08/16/2015,143.4170
08/15/2015,143.4170
08/14/2015,143.4170
08/13/2015,143.5980
08/12/2015,143.9740
08/11/2015,143.9140
08/10/2015,143.3060
08/09/2015,143.5520
08/08/2015,143.5520
08/07/2015,143.5520
08/06/2015,143.2920
08/05/2015,142.9760
08/04/2015,143.2690
08/03/2015,143.8150
08/02/2015,143.5790
08/01/2015,143.5790
07/31/2015,143.5790
07/30/2015,143.0650
07/29/2015,143.0650
07/28/2015,143.1840
07/27/2015,143.1950
07/26/2015,142.9520
07/25/2015,142.9520
07/24/2015,142.9520
07/23/2015,143.0400
07/22/2015,142.8410
07/21/2015,142.7150
07/20/2015,142.5260
07/19/2015,142.6400
07/18/2015,142.6400
07/17/2015,142.6400
07/16/2015,142.4750
07/15/2015,142.4810
07/14/2015,142.1400
07/13/2015,141.8590
07/12/2015,141.7640
07/11/2015,141.7640
07/10/2015,141.7640
07/09/2015,142.4070
07/08/2015,142.9510
07/07/2015,142.7380
07/06/2015,142.5560
07/05/2015,141.8530
07/04/2015,141.8530
07/03/2015,141.8530
07/02/2015,141.8530
07/01/2015,141.5870
06/30/2015,142.2660
06/29/2015,142.1600
06/28/2015,141.2280
06/27/2015,141.2280
06/26/2015,141.2280
06/25/2015,141.9350
06/24/2015,142.1160
06/23/2015,141.8550
06/22/2015,142.2120
06/21/2015,142.8770
06/20/2015,142.8770
06/19/2015,142.8770
06/18/2015,142.3600
06/17/2015,142.4550
06/16/2015,142.2500
06/15/2015,142.0340
06/14/2015,141.9750
06/13/2015,141.9750
06/12/2015,141.9750
06/11/2015,142.0850
06/10/2015,141.3020
06/09/2015,141.7330
06/08/2015,141.9780
06/07/2015,141.6880
06/06/2015,141.6880
06/05/2015,141.6880
06/04/2015,142.3700
06/03/2015,141.9880
06/02/2015,142.7940
06/01/2015,143.3310
05/31/2015,143.8020
05/30/2015,143.8020
05/29/2015,143.8020
05/28/2015,143.6290
05/27/2015,143.5850
05/26/2015,143.5040
05/25/2015,143.0840
05/24/2015,143.0840
05/23/2015,143.0840
05/22/2015,143.0840
05/21/2015,143.4630
05/20/2015,143.1280
05/19/2015,143.0460
05/18/2015,143.2890
05/17/2015,143.7040
05/16/2015,143.7040
05/15/2015,143.7040
05/14/2015,143.1460
05/13/2015,142.7990
05/12/2015,142.9130
05/11/2015,142.9700
05/10/2015,143.6910
05/09/2015,143.6910
05/08/2015,143.6910
05/07/2015,143.2600
05/06/2015,142.8950
05/05/2015,143.1560
05/04/2015,143.3900
05/03/2015,143.5540
05/02/2015,143.5540
05/01/2015,143.5540
04/30/2015,143.8790
04/29/2015,143.8660
04/28/2015,144.0710
04/27/2015,144.3620
04/26/2015,144.3800
04/25/2015,144.3800
04/24/2015,144.3800
04/23/2015,144.2220
04/22/2015,144.1610
04/21/2015,144.3380
04/20/2015,144.3820
04/19/2015,144.4900
04/18/2015,144.4900
04/17/2015,144.4900
04/16/2015,144.4470
04/15/2015,144.3670
04/14/2015,144.3720
04/13/2015,144.1590
04/12/2015,143.9690
04/11/2015,143.9690
04/10/2015,143.9690
04/09/2015,143.9570
04/08/2015,144.1160
04/07/2015,144.0820
04/06/2015,144.1560
04/05/2015,144.0710
04/04/2015,144.0710
04/03/2015,144.0710
04/02/2015,144.0710
04/01/2015,144.3480
03/31/2015,144.0080
03/30/2015,143.8030
03/29/2015,143.7440
03/28/2015,143.7440
03/27/2015,143.7440
03/26/2015,143.4210
03/25/2015,143.9030
03/24/2015,144.1590
03/23/2015,143.8900
03/22/2015,143.8050
03/21/2015,143.8050
03/20/2015,143.8050
03/19/2015,143.5740
03/18/2015,143.7300
03/17/2015,143.1370
03/16/2015,143.0050
03/15/2015,142.9270
03/14/2015,142.9270
03/13/2015,142.9270
03/12/2015,142.9970
03/11/2015,142.9570
03/10/2015,142.8460
03/09/2015,142.4980
03/08/2015,142.2660
03/07/2015,142.2660
03/06/2015,142.2660
03/05/2015,143.0660
03/04/2015,142.9580
03/03/2015,142.8730
03/02/2015,143.1600
03/01/2015,143.4750
02/28/2015,143.4750
02/27/2015,143.4750
02/26/2015,143.2200
02/25/2015,143.4490
02/24/2015,143.3990
02/23/2015,142.9710
02/22/2015,142.7390
02/21/2015,142.7390
02/20/2015,142.7390
02/19/2015,142.8340
02/18/2015,143.0410
02/17/2015,142.6130
02/16/2015,143.3470
02/15/2015,143.3470
02/14/2015,143.3470
02/13/2015,143.3470
02/12/2015,143.3930
02/11/2015,143.1630
02/10/2015,143.1980
02/09/2015,143.5040
02/08/2015,143.3810
02/07/2015,143.3810
02/06/2015,143.3810
02/05/2015,143.8840
02/04/2015,143.7670
02/03/2015,143.8920
02/02/2015,144.3050
02/01/2015,144.2270
01/31/2015,144.2270
01/30/2015,144.2270
01/29/2015,143.8960
01/28/2015,143.9390
01/27/2015,143.5670
01/26/2015,143.4790
01/25/2015,143.5980
01/24/2015,143.5980
01/23/2015,143.5980
01/22/2015,143.3130
01/21/2015,143.2530
01/20/2015,143.4040
01/19/2015,143.5050
01/18/2015,143.5050
01/17/2015,143.5050
01/16/2015,143.5050
01/15/2015,143.9190
01/14/2015,143.6900
01/13/2015,143.4590
01/12/2015,143.3580
01/11/2015,143.1530
01/10/2015,143.1530
01/09/2015,143.1530
01/08/2015,142.9900
01/07/2015,143.3060
01/06/2015,143.3980
01/05/2015,142.9960
01/04/2015,142.5130
01/03/2015,142.5130
01/02/2015,142.5130
01/01/2015,142.1980
12/31/2014,142.1980
12/30/2014,142.0730
12/29/2014,141.9950
12/28/2014,141.7490
12/27/2014,141.7490
12/26/2014,141.7490
12/25/2014,141.5880
12/24/2014,141.5880
12/23/2014,141.5940
12/22/2014,142.0920
12/21/2014,141.9920
12/20/2014,141.9920
12/19/2014,141.9920
12/18/2014,141.8400
12/17/2014,141.9030
12/16/2014,142.2270
12/15/2014,142.0080
12/14/2014,142.2260
12/13/2014,142.2260
12/12/2014,142.2260
12/11/2014,141.8340
12/10/2014,141.8880
12/09/2014,141.6820
12/08/2014,141.5150
12/07/2014,141.1360
12/06/2014,141.1360
12/05/2014,141.1360
12/04/2014,141.5210
12/03/2014,141.3310
12/02/2014,141.3400
12/01/2014,141.7820
11/30/2014,141.8310
11/29/2014,141.8310
11/28/2014,141.8310
11/27/2014,141.5620
11/26/2014,141.5620
11/25/2014,141.4920
11/24/2014,141.1640
11/23/2014,141.0460
11/22/2014,141.0460
11/21/2014,141.0460
11/20/2014,140.9030
11/19/2014,140.6970
11/18/2014,140.8330
11/17/2014,140.7080
11/16/2014,140.7040
11/15/2014,140.7040
11/14/2014,140.7040
11/13/2014,140.4620
11/12/2014,140.3610
11/11/2014,140.3170
11/10/2014,140.3170
11/09/2014,140.5240
11/08/2014,140.5240
11/07/2014,140.5240
11/06/2014,140.1780
11/05/2014,140.2320
11/04/2014,140.2300
11/03/2014,140.2130
11/02/2014,140.3720
11/01/2014,140.3720
10/31/2014,140.3720
10/30/2014,140.4970
10/29/2014,140.3020
10/28/2014,140.5560
10/27/2014,140.7360
10/26/2014,140.5540
10/25/2014,140.5540
10/24/2014,140.5540
10/23/2014,140.5690
10/22/2014,140.8400
10/21/2014,140.9080
10/20/2014,140.9960
10/19/2014,140.7850
10/18/2014,140.7850
10/17/2014,140.7850
10/16/2014,140.9190
10/15/2014,141.4700
10/14/2014,140.7340
10/13/2014,140.0500
10/12/2014,140.0500
10/11/2014,140.0500
10/10/2014,140.0500
10/09/2014,140.0430
10/08/2014,140.0680
10/07/2014,139.7680
10/06/2014,139.3240
10/05/2014,139.0660
10/04/2014,139.0660
10/03/2014,139.0660
10/02/2014,139.1480
10/01/2014,139.2850
09/30/2014,138.4970
09/29/2014,138.6640
09/28/2014,138.4210
09/27/2014,138.4210
09/26/2014,138.4210
09/25/2014,138.5470
09/24/2014,138.1530
09/23/2014,138.3570
09/22/2014,138.1330
09/21/2014,137.9250
09/20/2014,137.9250
09/19/2014,137.9250
09/18/2014,137.5420
09/17/2014,137.6040
09/16/2014,137.6920
09/15/2014,137.6690
09/14/2014,137.4350
09/13/2014,137.4350
09/12/2014,137.4350
09/11/2014,138.0140
09/10/2014,138.0090
09/09/2014,138.2910
09/08/2014,138.5450
09/07/2014,138.5700
09/06/2014,138.5700
09/05/2014,138.5700
09/04/2014,138.6430
09/03/2014,138.8620
09/02/2014,138.7160
09/01/2014,139.0050
08/31/2014,139.0550
08/30/2014,139.0550
08/29/2014,139.0550
08/28/2014,139.0540
08/27/2014,138.9080
08/26/2014,138.7070
08/25/2014,138.6980
08/24/2014,138.5430
08/23/2014,138.5430
08/22/2014,138.5430
08/21/2014,138.4760
08/20/2014,138.2430
08/19/2014,138.3790
08/18/2014,138.5730
08/17/2014,138.8680
08/16/2014,138.8680
08/15/2014,138.8680
08/14/2014,138.5370
08/13/2014,138.3570
08/12/2014,138.0670
08/11/2014,138.1050
08/10/2014,138.1390
08/09/2014,138.1390
08/08/2014,138.1390
08/07/2014,138.0580
08/06/2014,137.7960
08/05/2014,137.7570
08/04/2014,137.7790
08/03/2014,137.6430
08/02/2014,137.6430
08/01/2014,137.6430
07/31/2014,137.1480
07/30/2014,137.2200
07/29/2014,138.0000
07/28/2014,137.7690
07/27/2014,137.8480
07/26/2014,137.8480
07/25/2014,137.8480
07/24/2014,137.5230
07/23/2014,137.9520
07/22/2014,138.0520
07/21/2014,137.9500
07/20/2014,137.8830
07/19/2014,137.8830
07/18/2014,137.8830
07/17/2014,137.8500
07/16/2014,137.4060
07/15/2014,137.4350
07/14/2014,137.5290
07/13/2014,137.8370
07/12/2014,137.8370
07/11/2014,137.8370
07/10/2014,137.6930
07/09/2014,137.5790
07/08/2014,137.3480
07/07/2014,137.0720
07/06/2014,136.8820
07/05/2014,136.8820
07/04/2014,136.8820
07/03/2014,136.8820
07/02/2014,137.1710
07/01/2014,137.5890
06/30/2014,138.0850
06/29/2014,137.9440
06/28/2014,137.9440
06/27/2014,137.9440
06/26/2014,137.9100
06/25/2014,137.6580
06/24/2014,137.4540
06/23/2014,137.2420
06/22/2014,137.2930
06/21/2014,137.2930
06/20/2014,137.2930
06/19/2014,137.1830
06/18/2014,136.9420
06/17/2014,136.5640
06/16/2014,137.0870
06/15/2014,136.9200
06/14/2014,136.9200
06/13/2014,136.9200
06/12/2014,137.0550
06/11/2014,136.6020
06/10/2014,136.5870
06/09/2014,136.7790
06/08/2014,136.9060
06/07/2014,136.9060
06/06/2014,136.9060
06/05/2014,137.0160
06/04/2014,136.7030
06/03/2014,136.7320
06/02/2014,137.2170
06/01/2014,137.8350
05/31/2014,137.8350
05/30/2014,137.8350
05/29/2014,137.8930
05/28/2014,138.1160
05/27/2014,137.4000
05/26/2014,137.1090
05/25/2014,137.1090
05/24/2014,137.1090
05/23/2014,137.1090
05/22/2014,137.0570
05/21/2014,137.1230
05/20/2014,137.1560
05/19/2014,136.8040
05/18/2014,136.9450
05/17/2014,136.9450
05/16/2014,136.9450
05/15/2014,137.1680
05/14/2014,137.0220
05/13/2014,136.2960
05/12/2014,136.0580
05/11/2014,136.2680
05/10/2014,136.2680
05/09/2014,136.2680
05/08/2014,136.6150
05/07/2014,136.5580
05/06/2014,136.2810
05/05/2014,136.0660
05/04/2014,136.1300
05/03/2014,136.1300
05/02/2014,136.1300
05/01/2014,136.0570
04/30/2014,135.6370
04/29/2014,135.1480
04/28/2014,135.3350
04/27/2014,135.3680
04/26/2014,135.3680
04/25/2014,135.3680
04/24/2014,135.1380
04/23/2014,135.0840
04/22/2014,134.6150
04/21/2014,134.5630
04/20/2014,134.6200
04/19/2014,134.6200
04/18/2014,134.6200
04/17/2014,134.6200
04/16/2014,135.1700
04/15/2014,135.2740
04/14/2014,135.2590
04/13/2014,135.4740
04/12/2014,135.4740
04/11/2014,135.4740
04/10/2014,135.4520
04/09/2014,134.8640
04/08/2014,134.8580
04/07/2014,134.6350
04/06/2014,134.2880
04/05/2014,134.2880
04/04/2014,134.2880
04/03/2014,133.6920
04/02/2014,133.4810
04/01/2014,133.7600
03/31/2014,133.9940
03/30/2014,134.1510
03/29/2014,134.1510
03/28/2014,134.1510
03/27/2014,134.4050
03/26/2014,134.1900
03/25/2014,133.8860
03/24/2014,133.8530
03/23/2014,133.8130
03/22/2014,133.8130
03/21/2014,133.8130
03/20/2014,133.4810
03/19/2014,133.5350
03/18/2014,134.4190
03/17/2014,134.1780
03/16/2014,134.6200
03/15/2014,134.6200
03/14/2014,134.6200
03/13/2014,134.8280
03/12/2014,134.1620
03/11/2014,133.8010
03/10/2014,133.7340
03/09/2014,133.5610
03/08/2014,133.5610
03/07/2014,133.5610
03/06/2014,133.9440
03/05/2014,134.1700
03/04/2014,134.1790
03/03/2014,134.9200
03/02/2014,134.6010
03/01/2014,134.6010
02/28/2014,134.6010
02/27/2014,134.7330
02/26/2014,134.4880
02/25/2014,134.2910
02/24/2014,133.7300
02/23/2014,133.7550
02/22/2014,133.7550
02/21/2014,133.7550
02/20/2014,133.5530
02/19/2014,133.7430
02/18/2014,133.9450
02/17/2014,133.6530
02/16/2014,133.6530
02/15/2014,133.6530
02/14/2014,133.6530
02/13/2014,133.9180
02/12/2014,133.5020
02/11/2014,134.0310
02/10/2014,134.4210
02/09/2014,134.3850
02/08/2014,134.3850
02/07/2014,134.3850
02/06/2014,133.9910
02/05/2014,134.1840
02/04/2014,134.6040
02/03/2014,134.9370
02/02/2014,134.2440
02/01/2014,134.2440
01/31/2014,134.2440
01/30/2014,133.9730
01/29/2014,134.1080
01/28/2014,133.5330
01/27/2014,133.3770
01/26/2014,133.7690
01/25/2014,133.7690
01/24/2014,133.7690
01/23/2014,133.3160
01/22/2014,132.7540
01/21/2014,133.2310
01/20/2014,133.1220
01/19/2014,133.1220
01/18/2014,133.1220
01/17/2014,133.1220
01/16/2014,132.9150
01/15/2014,132.4990
01/14/2014,132.6320
01/13/2014,133.1870
01/12/2014,132.6860
01/11/2014,132.6860
01/10/2014,132.6860
01/09/2014,131.6010
01/08/2014,131.4330
01/07/2014,131.9380
01/06/2014,131.5950
01/05/2014,131.3120
01/04/2014,131.3120
01/03/2014,131.3120
01/02/2014,131.3350
01/01/2014,131.4060
12/31/2013,131.4060
12/30/2013,131.5400
12/29/2013,131.2080
12/28/2013,131.2080
12/27/2013,131.2080
12/26/2013,131.1820
12/25/2013,131.1560
12/24/2013,131.1560
12/23/2013,131.7610
12/22/2013,131.8970
12/21/2013,131.8970
12/20/2013,131.8970
12/19/2013,131.3900
12/18/2013,131.6810
12/17/2013,132.1380
12/16/2013,131.7840
12/15/2013,131.7510
12/14/2013,131.7510
12/13/2013,131.7510
12/12/2013,131.6110
12/11/2013,131.8540
12/10/2013,132.3800
12/09/2013,131.9070
12/08/2013,131.5340
12/07/2013,131.5340
12/06/2013,131.5340
12/05/2013,131.3980
12/04/2013,131.4820
12/03/2013,132.0420
12/02/2013,132.0550
12/01/2013,132.6140
11/30/2013,132.6140
11/29/2013,132.6140
11/28/2013,132.6760
11/27/2013,132.6760
11/26/2013,133.1210
11/25/2013,132.9810
11/24/2013,132.9940
11/23/2013,132.9940
11/22/2013,132.9940
11/21/2013,132.8770
11/20/2013,132.8510
11/19/2013,133.5270
11/18/2013,133.8380
11/17/2013,133.4900
11/16/2013,133.4900
11/15/2013,133.4900
11/14/2013,133.3550
11/13/2013,132.8070
11/12/2013,132.3520
11/11/2013,132.4300
11/10/2013,132.4300
11/09/2013,132.4300
11/08/2013,132.4300
11/07/2013,133.7000
11/06/2013,133.5580
11/05/2013,133.3610
11/04/2013,134.0100
11/03/2013,133.7840
11/02/2013,133.7840
11/01/2013,133.7840
10/31/2013,134.4100
10/30/2013,134.5240
10/29/2013,134.5980
10/28/2013,134.5820
10/27/2013,134.6040
10/26/2013,134.6040
10/25/2013,134.6040
10/24/2013,134.4000
10/23/2013,134.6440
10/22/2013,134.3960
10/21/2013,133.5320
10/20/2013,133.7060
10/19/2013,133.7060
10/18/2013,133.7060
10/17/2013,133.7190
10/16/2013,132.8490
10/15/2013,132.3740
10/14/2013,132.7100
10/13/2013,132.7100
10/12/2013,132.7100
10/11/2013,132.7100
10/10/2013,132.7450
10/09/2013,132.8430
10/08/2013,132.8900
10/07/2013,132.9770
10/06/2013,132.9650
10/05/2013,132.9650
10/04/2013,132.9650
10/03/2013,133.2280
10/02/2013,133.0120
10/01/2013,132.8890
09/30/2013,133.0800
09/29/2013,133.0350
09/28/2013,133.0350
09/27/2013,133.0350
09/26/2013,132.7410
09/25/2013,132.9840
09/24/2013,132.5700
09/23/2013,131.9460
09/22/2013,131.6200
09/21/2013,131.6200
09/20/2013,131.6200
09/19/2013,131.6920
09/18/2013,131.8350
09/17/2013,130.1130
09/16/2013,129.9420
09/15/2013,129.4920
09/14/2013,129.4920
09/13/2013,129.4920
09/12/2013,129.3300
09/11/2013,129.2660
09/10/2013,128.9100
09/09/2013,129.0010
09/08/2013,128.7890
09/07/2013,128.7890
09/06/2013,128.7890
09/05/2013,128.1700
09/04/2013,129.1510
09/03/2013,129.6700
09/02/2013,130.4870
09/01/2013,130.5060
08/31/2013,130.5060
08/30/2013,130.5060
08/29/2013,130.4990
08/28/2013,130.1490
08/27/2013,130.7470
08/26/2013,130.1090
08/25/2013,129.7320
08/24/2013,129.7320
08/23/2013,129.7320
08/22/2013,128.7680
08/21/2013,129.0780
08/20/2013,129.4560
08/19/2013,128.7320
08/18/2013,129.3740
08/17/2013,129.3740
08/16/2013,129.3740
08/15/2013,130.1910
08/14/2013,130.7360
08/13/2013,130.6860
08/12/2013,131.6460
08/11/2013,131.8080
08/10/2013,131.8080
08/09/2013,131.8080
08/08/2013,131.6080
08/07/2013,131.3540
08/06/2013,131.0330
08/05/2013,131.2240
08/04/2013,131.3210
08/03/2013,131.3210
08/02/2013,131.3210
08/01/2013,130.0900
07/31/2013,131.2830
07/30/2013,131.0400
07/29/2013,131.2050
07/28/2013,131.2960
07/27/2013,131.2960
07/26/2013,131.2960
07/25/2013,130.9370
07/24/2013,130.9430
07/23/2013,131.5520
07/22/2013,131.8820
07/21/2013,131.7610
07/20/2013,131.7610
07/19/2013,131.7610
07/18/2013,131.2610
07/17/2013,131.6810
07/16/2013,131.2610
07/15/2013,131.1280
07/14/2013,130.4460
07/13/2013,130.4460
07/12/2013,130.4460
07/11/2013,130.5530
07/10/2013,129.4250
07/09/2013,130.2950
07/08/2013,129.7890
07/07/2013,128.7190
07/06/2013,128.7190
07/05/2013,128.7190
07/04/2013,131.2920
07/03/2013,131.2920
07/02/2013,131.7350
07/01/2013,131.8470
06/30/2013,131.7450
06/29/2013,131.7450
06/28/2013,131.7450
06/27/2013,131.6170
06/26/2013,130.6650
06/25/2013,130.2630
06/24/2013,130.3690
06/23/2013,130.8130
06/22/2013,130.8130
06/21/2013,130.8130
06/20/2013,131.8020
06/19/2013,132.7350
06/18/2013,133.5250
06/17/2013,133.4820
06/16/2013,133.6150
06/15/2013,133.6150
06/14/2013,133.6150
06/13/2013,133.2950
06/12/2013,132.8980
06/11/2013,133.1070
06/10/2013,133.0730
06/09/2013,133.1880
06/08/2013,133.1880
06/07/2013,133.1880
06/06/2013,133.3010
06/05/2013,132.9110
06/04/2013,132.8830
06/03/2013,133.2330
06/02/2013,133.3650
06/01/2013,133.3650
05/31/2013,133.3650
05/30/2013,133.6540
05/29/2013,133.6010
05/28/2013,133.5230
05/27/2013,134.2560
05/26/2013,134.2560
05/25/2013,134.2560
05/24/2013,134.2560
05/23/2013,134.2240
05/22/2013,134.3680
05/21/2013,134.8160
05/20/2013,134.5780
05/19/2013,134.6730
05/18/2013,134.6730
05/17/2013,134.6730
05/16/2013,135.1920
05/15/2013,134.7780
05/14/2013,134.8050
05/13/2013,134.9410
05/12/2013,135.0500
05/11/2013,135.0500
05/10/2013,135.0500
05/09/2013,135.3590
05/08/2013,135.5020
05/07/2013,135.3930
05/06/2013,135.3810
05/05/2013,135.4550
05/04/2013,135.4550
05/03/2013,135.4550
05/02/2013,135.7860
05/01/2013,135.8980
04/30/2013,135.8720
04/29/2013,135.8700
04/28/2013,135.8200
04/27/2013,135.8200
04/26/2013,135.8200
04/25/2013,135.6620
04/24/2013,135.6870
04/23/2013,135.7070
04/22/2013,135.6910
04/21/2013,135.6570
04/20/2013,135.6570
04/19/2013,135.6570
04/18/2013,135.6830
04/17/2013,135.6010
04/16/2013,135.5410
04/15/2013,135.5860
04/14/2013,135.5220
04/13/2013,135.5220
04/12/2013,135.5220
04/11/2013,135.2410
04/10/2013,135.1770
04/09/2013,135.3500
04/08/2013,135.3990
04/07/2013,135.6320
04/06/2013,135.6320
04/05/2013,135.6320
04/04/2013,135.3950
04/03/2013,135.0660
04/02/2013,134.8870
04/01/2013,134.9000
03/31/2013,134.7850
03/30/2013,134.7840
03/29/2013,134.7840
03/28/2013,134.7840
03/27/2013,134.7720
03/26/2013,134.6100
03/25/2013,134.6650
03/24/2013,134.6060
03/23/2013,134.6060
03/22/2013,134.6060
03/21/2013,134.5090
03/20/2013,134.5740
03/19/2013,134.7420
03/18/2013,134.6250
03/17/2013,134.4830
03/16/2013,134.4830
03/15/2013,134.4830
03/14/2013,134.3450
03/13/2013,134.2700
03/12/2013,134.1610
03/11/2013,134.0020
03/10/2013,133.9510
03/09/2013,133.9510
03/08/2013,133.9510
03/07/2013,134.2970
03/06/2013,134.4490
03/05/2013,134.6040
03/04/2013,134.6380
03/03/2013,134.6750
03/02/2013,134.6750
03/01/2013,134.6750
02/28/2013,134.6310
02/27/2013,134.5080
02/26/2013,134.5490
02/25/2013,134.4350
02/24/2013,134.2020
02/23/2013,134.2020
02/22/2013,134.2020
02/21/2013,134.2040
02/20/2013,134.1490
02/19/2013,134.1790
02/18/2013,134.1820
02/17/2013,134.1820
02/16/2013,134.1820
02/15/2013,134.1820
02/14/2013,134.1620
02/13/2013,133.9600
02/12/2013,134.0280
02/11/2013,134.1200
02/10/2013,134.0530
02/09/2013,134.0530
02/08/2013,134.0530
02/07/2013,134.2190
02/06/2013,134.2480
02/05/2013,134.0840
02/04/2013,134.2380
02/03/2013,134.0700
02/02/2013,134.0700
02/01/2013,134.0700
01/31/2013,134.0690
01/30/2013,133.9520
01/29/2013,134.0050
01/28/2013,134.0540
01/27/2013,134.1310
01/26/2013,134.1310
01/25/2013,134.1310
01/24/2013,134.5490
01/23/2013,134.6750
01/22/2013,134.6290
01/21/2013,134.6310
01/20/2013,134.6310
01/19/2013,134.6310
01/18/2013,134.6310
01/17/2013,134.5920
01/16/2013,134.8180
01/15/2013,134.8330
01/14/2013,134.7870
01/13/2013,134.7200
01/12/2013,134.7200
01/11/2013,134.7200
01/10/2013,134.6560
01/09/2013,134.7510
01/08/2013,134.7220
01/07/2013,134.7290
01/06/2013,134.6650
01/05/2013,134.6650
01/04/2013,134.6650
01/03/2013,134.7210
01/02/2013,134.9760
01/01/2013,135.0760
12/31/2012,135.0760
12/30/2012,135.0220
12/29/2012,135.0220
12/28/2012,135.0220
12/27/2012,135.0010
12/26/2012,134.9080
12/25/2012,134.8550
12/24/2012,134.8550
12/23/2012,134.8920
12/22/2012,134.8920
12/21/2012,134.8920
12/20/2012,134.7600
12/19/2012,134.6900
12/18/2012,134.5780
12/17/2012,134.7360
12/16/2012,134.8660
12/15/2012,134.8660
12/14/2012,134.8660
12/13/2012,134.8530
12/12/2012,134.9150
12/11/2012,134.9710
12/10/2012,135.0050
12/09/2012,134.8750
12/08/2012,134.8750
12/07/2012,134.8750
12/06/2012,134.8780
12/05/2012,134.9850
12/04/2012,134.9840
12/03/2012,134.8700
12/02/2012,134.8330
12/01/2012,134.8330
11/30/2012,134.8330
11/29/2012,134.7560
11/28/2012,134.7510
11/27/2012,134.7320
11/26/2012,134.6410
11/25/2012,134.4680
11/24/2012,134.4680
11/23/2012,134.4680
11/22/2012,134.4760
11/21/2012,134.4760
11/20/2012,134.5740
11/19/2012,134.6610
11/18/2012,134.6800
11/17/2012,134.6800
11/16/2012,134.6800
11/15/2012,134.4930
11/14/2012,134.3820
11/13/2012,134.5590
11/12/2012,134.7470
11/11/2012,134.7460
11/10/2012,134.7460
11/09/2012,134.7460
11/08/2012,134.8980
11/07/2012,134.7850
11/06/2012,134.5380
11/05/2012,134.8550
11/04/2012,134.7170
11/03/2012,134.7170
11/02/2012,134.7170
11/01/2012,134.6440
10/31/2012,134.7360
10/30/2012,134.6610
10/29/2012,134.6610
10/28/2012,134.6040
10/27/2012,134.6040
10/26/2012,134.6040
10/25/2012,134.4060
10/24/2012,134.5740
10/23/2012,134.6060
10/22/2012,134.5380
10/21/2012,134.6000
10/20/2012,134.6000
10/19/2012,134.6000
10/18/2012,134.3640
10/17/2012,134.4580
10/16/2012,134.6920
10/15/2012,134.7900
10/14/2012,134.8770
10/13/2012,134.8770
10/12/2012,134.8770
10/11/2012,134.8930
10/10/2012,134.8380
10/09/2012,134.7890
10/08/2012,134.9620
10/07/2012,134.9610
10/06/2012,134.9610
10/05/2012,134.9610
10/04/2012,134.9330
10/03/2012,135.1670
10/02/2012,135.2520
10/01/2012,135.2860
09/30/2012,135.1730
09/29/2012,135.1720
09/28/2012,135.1720
09/27/2012,135.2140
09/26/2012,135.4590
09/25/2012,135.4230
09/24/2012,135.2150
09/23/2012,135.0360
09/22/2012,135.0360
09/21/2012,135.0360
09/20/2012,134.8060
09/19/2012,134.6230
09/18/2012,134.5070
09/17/2012,134.5150
09/16/2012,134.5210
09/15/2012,134.5210
09/14/2012,134.5210
09/13/2012,134.5920
09/12/2012,134.0220
09/11/2012,134.1140
09/10/2012,134.1750
09/09/2012,134.3090
09/08/2012,134.3090
09/07/2012,134.3090
09/06/2012,134.1770
09/05/2012,134.4050
09/04/2012,134.3890
09/03/2012,134.1930
09/02/2012,134.3700
09/01/2012,134.3700
08/31/2012,134.3700
08/30/2012,134.0980
08/29/2012,133.9450
08/28/2012,134.0670
08/27/2012,134.0050
08/26/2012,133.8980
08/25/2012,133.8980
08/24/2012,133.8980
08/23/2012,134.0480
08/22/2012,133.8320
08/21/2012,133.3870
08/20/2012,133.3460
08/19/2012,133.2440
08/18/2012,133.2440
08/17/2012,133.2440
08/16/2012,133.1090
08/15/2012,133.1670
08/14/2012,133.5330
08/13/2012,133.7910
08/12/2012,133.8820
08/11/2012,133.8820
08/10/2012,133.8820
08/09/2012,133.8480
08/08/2012,133.8990
08/07/2012,133.8770
08/06/2012,134.0770
08/05/2012,133.9730
08/04/2012,133.9730
08/03/2012,133.9730
08/02/2012,134.1190
08/01/2012,134.0190
07/31/2012,134.1400
07/30/2012,134.0800
07/29/2012,133.9010
07/28/2012,133.9010
07/27/2012,133.9010
07/26/2012,134.1920
07/25/2012,134.2450
07/24/2012,134.2310
07/23/2012,134.2080
07/22/2012,134.1820
07/21/2012,134.1820
07/20/2012,134.1820
07/19/2012,134.0290
07/18/2012,134.0310
07/17/2012,133.8270
07/16/2012,133.8820
07/15/2012,133.7300
07/14/2012,133.7300
07/13/2012,133.7300
07/12/2012,133.7900
07/11/2012,133.7830
07/10/2012,133.7750
07/09/2012,133.8150
07/08/2012,133.4770
07/07/2012,133.4770
07/06/2012,133.4770
07/05/2012,133.2310
07/04/2012,133.0460
07/03/2012,133.0460
07/02/2012,133.1450
07/01/2012,132.8240
06/30/2012,132.8240
06/29/2012,132.8240
06/28/2012,132.9490
06/27/2012,132.8440
06/26/2012,132.7930
06/25/2012,132.9130
06/24/2012,132.7580
06/23/2012,132.7580
06/22/2012,132.7580
06/21/2012,132.8010
06/20/2012,132.6400
06/19/2012,132.7620
06/18/2012,132.7580
06/17/2012,132.7190
06/16/2012,132.7190
06/15/2012,132.7190
06/14/2012,132.6730
06/13/2012,132.7180
06/12/2012,132.6300
06/11/2012,132.6540
06/10/2012,132.5030
06/09/2012,132.5030
06/08/2012,132.5030
06/07/2012,132.5040
06/06/2012,132.2880
06/05/2012,132.3050
06/04/2012,132.4270
06/03/2012,132.7230
06/02/2012,132.7230
06/01/2012,132.7230
05/31/2012,132.6610
05/30/2012,132.5420
05/29/2012,132.3360
05/28/2012,132.3210
05/27/2012,132.3200
05/26/2012,132.3200
05/25/2012,132.3200
05/24/2012,132.2830
05/23/2012,132.3350
05/22/2012,132.2530
05/21/2012,132.3610
05/20/2012,132.4490
05/19/2012,132.4490
05/18/2012,132.4490
05/17/2012,132.5360
05/16/2012,132.4220
05/15/2012,132.3260
05/14/2012,132.3140
05/13/2012,132.2500
05/12/2012,132.2500
05/11/2012,132.2500
05/10/2012,132.1920
05/09/2012,132.3170
05/08/2012,132.4210
05/07/2012,132.3930
05/06/2012,132.2270
05/05/2012,132.2270
05/04/2012,132.2270
05/03/2012,132.1420
05/02/2012,132.0390
05/01/2012,131.9060
04/30/2012,131.9280
04/29/2012,131.8820
04/28/2012,131.8820
04/27/2012,131.8820
04/26/2012,131.8210
04/25/2012,131.7270
04/24/2012,131.7690
04/23/2012,131.8400
04/22/2012,131.7560
04/21/2012,131.7560
04/20/2012,131.7560
04/19/2012,131.8480
04/18/2012,131.7470
04/17/2012,131.6720
04/16/2012,131.8080
04/15/2012,131.7170
04/14/2012,131.7170
04/13/2012,131.7170
04/12/2012,131.5440
04/11/2012,131.5840
04/10/2012,131.6650
04/09/2012,131.6580
04/08/2012,130.9510
04/07/2012,130.9510
04/06/2012,130.9510
04/05/2012,130.9510
04/04/2012,130.6840
04/03/2012,130.5220
04/02/2012,130.9370
04/01/2012,130.8090
03/31/2012,130.8090
03/30/2012,130.8090
03/29/2012,130.9920
03/28/2012,130.8440
03/27/2012,130.8620
03/26/2012,130.6330
03/25/2012,130.5800
03/24/2012,130.5800
03/23/2012,130.5800
03/22/2012,130.5550
03/21/2012,130.5270
03/20/2012,130.2050
03/19/2012,130.1980
03/18/2012,130.5360
03/17/2012,130.5360
03/16/2012,130.5360
03/15/2012,130.4450
03/14/2012,130.3420
03/13/2012,130.8320
03/12/2012,131.0120
03/11/2012,130.9150
03/10/2012,130.9150
03/09/2012,130.9150
03/08/2012,130.8790
03/07/2012,130.8780
03/06/2012,131.0160
03/05/2012,130.8880
03/04/2012,130.9270
03/03/2012,130.9270
03/02/2012,130.9270
03/01/2012,130.8370
02/29/2012,130.8640
02/28/2012,130.9530
02/27/2012,130.9260
02/26/2012,130.8050
02/25/2012,130.8050
02/24/2012,130.8050
02/23/2012,130.8950
02/22/2012,130.8420
02/21/2012,130.6600
02/20/2012,130.7700
02/19/2012,130.7680
02/18/2012,130.7680
02/17/2012,130.7680
02/16/2012,130.8510
02/15/2012,131.1020
02/14/2012,131.0530
02/13/2012,130.8680
02/12/2012,130.8320
02/11/2012,130.8320
02/10/2012,130.8320
02/09/2012,130.6670
02/08/2012,130.8450
02/07/2012,130.7800
02/06/2012,130.8720
02/05/2012,130.7370
02/04/2012,130.7370
02/03/2012,130.7370
02/02/2012,130.9470
02/01/2012,130.8880
01/31/2012,130.8880
01/30/2012,130.8730
01/29/2012,130.7750
01/28/2012,130.7750
01/27/2012,130.7750
01/26/2012,130.6880
01/25/2012,130.4160
01/24/2012,130.2410
01/23/2012,130.2600
01/22/2012,130.2830
01/21/2012,130.2830
01/20/2012,130.2830
01/19/2012,130.3910
01/18/2012,130.5030
01/17/2012,130.6950
01/16/2012,130.7640
01/15/2012,130.7620
01/14/2012,130.7620
01/13/2012,130.7620
01/12/2012,130.5550
01/11/2012,130.4750
01/10/2012,130.3210
01/09/2012,130.3260
01/08/2012,130.1670
01/07/2012,130.1670
01/06/2012,130.1670
01/05/2012,130.0090
01/04/2012,130.0140
01/03/2012,130.0060
01/02/2012,130.0390
01/01/2012,130.0390
12/31/2011,130.0390
12/30/2011,130.0380
12/29/2011,129.9560
12/28/2011,129.8090
12/27/2011,129.5210
12/26/2011,129.4040
12/25/2011,129.4040
12/24/2011,129.4040
12/23/2011,129.4040
12/22/2011,129.5450
12/21/2011,129.5050
12/20/2011,129.5700
12/19/2011,129.7100
12/18/2011,129.6810
12/17/2011,129.6810
12/16/2011,129.6810
12/15/2011,129.7320
12/14/2011,129.8550
12/13/2011,129.6940
12/12/2011,129.5550
12/11/2011,129.4640
12/10/2011,129.4640
12/09/2011,129.4640
12/08/2011,129.6990
12/07/2011,129.5000
12/06/2011,129.0800
12/05/2011,129.0780
12/04/2011,128.9820
12/03/2011,128.9820
12/02/2011,128.9820
12/01/2011,128.8050
11/30/2011,128.9560
11/29/2011,128.8130
11/28/2011,128.7070
11/27/2011,128.5380
11/26/2011,128.5380
11/25/2011,128.5380
11/24/2011,128.6930
11/23/2011,128.6930
11/22/2011,128.7250
11/21/2011,128.7310
11/20/2011,128.6630
11/19/2011,128.6630
11/18/2011,128.6630
11/17/2011,128.7570
11/16/2011,128.7640
11/15/2011,128.6000
11/14/2011,128.5740
11/13/2011,128.7050
11/12/2011,128.7050
11/11/2011,128.7050
11/10/2011,128.7040
11/09/2011,128.8840
11/08/2011,128.8060
11/07/2011,128.8980
11/06/2011,128.9960
11/05/2011,128.9960
11/04/2011,128.9960
11/03/2011,128.8240
11/02/2011,129.0770
11/01/2011,129.1190
10/31/2011,128.7130
10/30/2011,128.4230
10/29/2011,128.4230
10/28/2011,128.4230
10/27/2011,127.8660
10/26/2011,128.1610
10/25/2011,128.3030
10/24/2011,127.8000
10/23/2011,127.9760
10/22/2011,127.9760
10/21/2011,127.9760
10/20/2011,127.9800
10/19/2011,128.0760
10/18/2011,128.0500
10/17/2011,128.1070
10/16/2011,127.8950
10/15/2011,127.8950
10/14/2011,127.8950
10/13/2011,128.0950
10/12/2011,127.9560
10/11/2011,128.0940
10/10/2011,128.1450
10/09/2011,128.1440
10/08/2011,128.1440
10/07/2011,128.1440
10/06/2011,128.6260
10/05/2011,128.8750
10/04/2011,129.1130
10/03/2011,129.3940
10/02/2011,129.0190
10/01/2011,129.0190
09/30/2011,129.0190
09/29/2011,128.8590
09/28/2011,128.7500
09/27/2011,128.6600
09/26/2011,129.1090
09/25/2011,129.4080
09/24/2011,129.4080
09/23/2011,129.4080
09/22/2011,129.9930
09/21/2011,129.5110
09/20/2011,129.0680
09/19/2011,129.1510
09/18/2011,128.7250
09/17/2011,128.7250
09/16/2011,128.7250
09/15/2011,128.7220
09/14/2011,128.9190
09/13/2011,128.9410
09/12/2011,128.9580
09/11/2011,129.0460
09/10/2011,129.0460
09/09/2011,129.0460
09/08/2011,128.6250
09/07/2011,128.5730
09/06/2011,128.7610
09/05/2011,128.7380
09/04/2011,128.7370
09/03/2011,128.7370
09/02/2011,128.7370
09/01/2011,128.4850
08/31/2011,128.1240
08/30/2011,128.2350
08/29/2011,127.7880
08/28/2011,128.1210
08/27/2011,128.1210
08/26/2011,128.1210
08/25/2011,127.8470
08/24/2011,127.7750
08/23/2011,128.2020
08/22/2011,128.4770
08/21/2011,128.6940
08/20/2011,128.6940
08/19/2011,128.6940
08/18/2011,128.9740
08/17/2011,128.9280
08/16/2011,128.8070
08/15/2011,128.6530
08/14/2011,128.8890
08/13/2011,128.8890
08/12/2011,128.8890
08/11/2011,128.5060
08/10/2011,129.0730
08/09/2011,128.1720
08/08/2011,127.2270
08/07/2011,126.8110
08/06/2011,126.8110
08/05/2011,126.8110
08/04/2011,127.5090
08/03/2011,126.9390
08/02/2011,126.8060
08/01/2011,126.2400
07/31/2011,125.9410
07/30/2011,125.9400
07/29/2011,125.9400
07/28/2011,125.1580
07/27/2011,124.8040
07/26/2011,125.1170
07/25/2011,124.9110
07/24/2011,125.1660
07/23/2011,125.1660
07/22/2011,125.1660
07/21/2011,124.9440
07/20/2011,125.1440
07/19/2011,125.1600
07/18/2011,125.0950
07/17/2011,125.2720
07/16/2011,125.2720
07/15/2011,125.2720
07/14/2011,125.2250
07/13/2011,125.3680
07/12/2011,125.1800
07/11/2011,125.0560
07/10/2011,124.7660
07/09/2011,124.7660
07/08/2011,124.7660
07/07/2011,124.0260
07/06/2011,124.4500
07/05/2011,124.3880
07/04/2011,124.0480
07/03/2011,124.0480
07/02/2011,124.0480
07/01/2011,124.0480
06/30/2011,124.2510
06/29/2011,124.3600
06/28/2011,124.4780
06/27/2011,124.9270
06/26/2011,125.1380
06/25/2011,125.1380
06/24/2011,125.1380
06/23/2011,125.1490
06/22/2011,124.7960
06/21/2011,124.6410
06/20/2011,124.6420
06/19/2011,124.7030
06/18/2011,124.7030
06/17/2011,124.7030
06/16/2011,124.7420
06/15/2011,124.7710
06/14/2011,124.3640
06/13/2011,124.8340
06/12/2011,124.7960
06/11/2011,124.7960
06/10/2011,124.7960
06/09/2011,124.8490
06/08/2011,125.1280
06/07/2011,124.9180
06/06/2011,124.7830
06/05/2011,124.7940
06/04/2011,124.7940
06/03/2011,124.7940
06/02/2011,124.5520
06/01/2011,124.8120
05/31/2011,124.3360
05/30/2011,124.2670
05/29/2011,124.2660
05/28/2011,124.2660
05/27/2011,124.2660
05/26/2011,124.3970
05/25/2011,123.9650
05/24/2011,123.9650
05/23/2011,123.8990
05/22/2011,123.8630
05/21/2011,123.8630
05/20/2011,123.8630
05/19/2011,123.7290
05/18/2011,123.7420
05/17/2011,123.9570
05/16/2011,123.7840
05/15/2011,123.6160
05/14/2011,123.6160
05/13/2011,123.6160
05/12/2011,123.4770
05/11/2011,123.5800
05/10/2011,123.3730
05/09/2011,123.6230
05/08/2011,123.5000
05/07/2011,123.5000
05/06/2011,123.5000
05/05/2011,123.4140
05/04/2011,123.0350
05/03/2011,122.8870
05/02/2011,122.7520
05/01/2011,122.7810
04/30/2011,122.7810
04/29/2011,122.7810
04/28/2011,122.6420
04/27/2011,122.2830
04/26/2011,122.3920
04/25/2011,122.1890
04/24/2011,121.9320
04/23/2011,121.9320
04/22/2011,121.9320
04/21/2011,121.9320
04/20/2011,121.9150
04/19/2011,122.0870
04/18/2011,122.0110
04/17/2011,121.7320
04/16/2011,121.7320
04/15/2011,121.7320
04/14/2011,121.2470
04/13/2011,121.2730
04/12/2011,121.1110
04/11/2011,120.7270
04/10/2011,120.6480
04/09/2011,120.6480
04/08/2011,120.6480
04/07/2011,120.6630
04/06/2011,120.6510
04/05/2011,120.7790
04/04/2011,121.1510
04/03/2011,121.1240
04/02/2011,121.1240
04/01/2011,121.1240
03/31/2011,121.1780
03/30/2011,121.1750
03/29/2011,120.9230
03/28/2011,121.1340
03/27/2011,121.1210
03/26/2011,121.1210
03/25/2011,121.1210
03/24/2011,121.2530
03/23/2011,121.3720
03/22/2011,121.3850
03/21/2011,121.5790
03/20/2011,121.9630
03/19/2011,121.9630
03/18/2011,121.9630
03/17/2011,121.9950
03/16/2011,122.2050
03/15/2011,121.6940
03/14/2011,121.6460
03/13/2011,121.4090
03/12/2011,121.4090
03/11/2011,121.4090
03/10/2011,121.4640
03/09/2011,121.1270
03/08/2011,120.6780
03/07/2011,120.9270
03/06/2011,120.8780
03/05/2011,120.8780
03/04/2011,120.8780
03/03/2011,120.2460
03/02/2011,120.7570
03/01/2011,120.9630
02/28/2011,120.9620
02/27/2011,120.8090
02/26/2011,120.8090
02/25/2011,120.8090
02/24/2011,120.7130
02/23/2011,120.4290
02/22/2011,120.4400
02/21/2011,119.9680
02/20/2011,119.9670
02/19/2011,119.9670
02/18/2011,119.9670
02/17/2011,120.0880
02/16/2011,119.7310
02/15/2011,119.8090
02/14/2011,119.6980
02/13/2011,119.3650
02/12/2011,119.3650
02/11/2011,119.3650
02/10/2011,118.8810
02/09/2011,119.1880
02/08/2011,118.9210
02/07/2011,119.4040
02/06/2011,119.4250
02/05/2011,119.4250
02/04/2011,119.4250
02/03/2011,119.8960
02/02/2011,120.2150
02/01/2011,120.4940
01/31/2011,120.8680
01/30/2011,120.9670
01/29/2011,120.9670
01/28/2011,120.9670
01/27/2011,120.8130
01/26/2011,120.5040
01/25/2011,120.9690
01/24/2011,120.7030
01/23/2011,120.7250
01/22/2011,120.7250
01/21/2011,120.7250
01/20/2011,120.4800
01/19/2011,121.0490
01/18/2011,120.8790
01/17/2011,121.1180
01/16/2011,121.1170
01/15/2011,121.1170
01/14/2011,121.1170
01/13/2011,121.1330
01/12/2011,120.8040
01/11/2011,120.7860
01/10/2011,121.0690
01/09/2011,120.8870
01/08/2011,120.8870
01/07/2011,120.8870
01/06/2011,120.3290
01/05/2011,120.0690
01/04/2011,120.8500
01/03/2011,120.7710
01/02/2011,120.8450
01/01/2011,120.8450
12/31/2010,120.8450
12/30/2010,120.3680
12/29/2010,120.4850
12/28/2010,119.6600
12/27/2010,120.2830
12/26/2010,120.1370
12/25/2010,120.1370
12/24/2010,120.1370
12/23/2010,120.1370
12/22/2010,120.3740
12/21/2010,120.3560
12/20/2010,120.1170
12/19/2010,120.2480
12/18/2010,120.2480
12/17/2010,120.2480
12/16/2010,119.1210
12/15/2010,119.0270
12/14/2010,119.5610
12/13/2010,120.3870
12/12/2010,120.3020
12/11/2010,120.3020
12/10/2010,120.3020
12/09/2010,120.6180
12/08/2010,120.3890
12/07/2010,120.7440
12/06/2010,121.6820
12/05/2010,121.1650
12/04/2010,121.1650
12/03/2010,121.1650
12/02/2010,120.9840
12/01/2010,121.1170
11/30/2010,121.8950
11/29/2010,122.0340
11/28/2010,121.9300
11/27/2010,121.9300
11/26/2010,121.9300
11/25/2010,121.8680
11/24/2010,121.8680
11/23/2010,122.4150
11/22/2010,122.2320
11/21/2010,122.0320
11/20/2010,122.0320
11/19/2010,122.0320
11/18/2010,121.9380
11/17/2010,122.0070
11/16/2010,121.8120
11/15/2010,121.7260
11/14/2010,122.0670
11/13/2010,122.0670
11/12/2010,122.0670
11/11/2010,122.4880
11/10/2010,122.4870
11/09/2010,122.4940
11/08/2010,122.8210
11/07/2010,122.9080
11/06/2010,122.9080
11/05/2010,122.9080
11/04/2010,123.1440
11/03/2010,122.8010
11/02/2010,122.6250
11/01/2010,122.4190
10/31/2010,122.4040
10/30/2010,122.4030
10/29/2010,122.4030
10/28/2010,122.2720
10/27/2010,122.1070
10/26/2010,122.2590
10/25/2010,122.3900
10/24/2010,122.5410
10/23/2010,122.5410
10/22/2010,122.5410
10/21/2010,122.5950
10/20/2010,122.6360
10/19/2010,122.4710
10/18/2010,122.2540
10/17/2010,121.9690
10/16/2010,121.9690
10/15/2010,121.9690
10/14/2010,122.2300
10/13/2010,122.3380
10/12/2010,122.1810
10/11/2010,122.1290
10/10/2010,122.1270
10/09/2010,122.1270
10/08/2010,122.1270
10/07/2010,121.9820
10/06/2010,121.7340
10/05/2010,121.5070
10/04/2010,121.5030
10/03/2010,121.3180
10/02/2010,121.3180
10/01/2010,121.3180
09/30/2010,121.2380
09/29/2010,121.2080
09/28/2010,121.4020
09/27/2010,121.2670
09/26/2010,121.0790
09/25/2010,121.0790
09/24/2010,121.0790
09/23/2010,121.2730
09/22/2010,121.4260
09/21/2010,121.4240
09/20/2010,121.1340
09/19/2010,121.0260
09/18/2010,121.0260
09/17/2010,121.0260
09/16/2010,121.1780
09/15/2010,121.2840
09/14/2010,121.4550
09/13/2010,121.3160
09/12/2010,121.0140
09/11/2010,121.0140
09/10/2010,121.0140
09/09/2010,121.0750
09/08/2010,121.5840
09/07/2010,121.7640
09/06/2010,121.4630
09/05/2010,121.4620
09/04/2010,121.4620
09/03/2010,121.4620
09/02/2010,121.6270
09/01/2010,121.6900
08/31/2010,121.8450
08/30/2010,121.6010
08/29/2010,121.3400
08/28/2010,121.3400
08/27/2010,121.3400
08/26/2010,121.6570
08/25/2010,121.4360
08/24/2010,121.3450
08/23/2010,121.2410
08/22/2010,121.1180
08/21/2010,121.1180
08/20/2010,121.1180
08/19/2010,121.3410
08/18/2010,121.0490
08/17/2010,121.3380
08/16/2010,121.5970
08/15/2010,121.4870
08/14/2010,121.4870
08/13/2010,121.4870
08/12/2010,121.2420
08/11/2010,121.6660
08/10/2010,121.6440
08/09/2010,121.5380
08/08/2010,121.6750
08/07/2010,121.6750
08/06/2010,121.6750
08/05/2010,121.3600
08/04/2010,121.3180
08/03/2010,121.3950
08/02/2010,121.1370
08/01/2010,121.3400
07/31/2010,121.3400
07/30/2010,121.3390
07/29/2010,121.1890
07/28/2010,121.1270
07/27/2010,121.0010
07/26/2010,120.9650
07/25/2010,120.8720
07/24/2010,120.8720
07/23/2010,120.8720
07/22/2010,120.8970
07/21/2010,120.9280
07/20/2010,120.7140
07/19/2010,120.6350
07/18/2010,120.8030
07/17/2010,120.8030
07/16/2010,120.8030
07/15/2010,120.7090
07/14/2010,120.5150
07/13/2010,120.3070
07/12/2010,120.4530
07/11/2010,120.2830
07/10/2010,120.2830
07/09/2010,120.2830
07/08/2010,120.4730
07/07/2010,120.3440
07/06/2010,120.4240
07/05/2010,120.1720
07/04/2010,120.1700
07/03/2010,120.1700
07/02/2010,120.1700
07/01/2010,120.1790
06/30/2010,120.1610
06/29/2010,120.2650
06/28/2010,120.3470
06/27/2010,120.0570
06/26/2010,120.0570
06/25/2010,120.0570
06/24/2010,119.9240
06/23/2010,120.0660
06/22/2010,119.9900
06/21/2010,119.7620
06/20/2010,119.6980
06/19/2010,119.6980
06/18/2010,119.6980
06/17/2010,119.7090
06/16/2010,119.3430
06/15/2010,119.2390
06/14/2010,119.3050
06/13/2010,119.3530
06/12/2010,119.3530
06/11/2010,119.3530
06/10/2010,119.0160
06/09/2010,119.3500
06/08/2010,119.4710
06/07/2010,119.3180
06/06/2010,119.2590
06/05/2010,119.2590
06/04/2010,119.2590
06/03/2010,118.7130
06/02/2010,118.7200
06/01/2010,118.6870
05/31/2010,118.5820
05/30/2010,118.5810
05/29/2010,118.5810
05/28/2010,118.5810
05/27/2010,118.4150
05/26/2010,118.7620
05/25/2010,118.7970
05/24/2010,118.6030
05/23/2010,118.7500
05/22/2010,118.7500
05/21/2010,118.7500
05/20/2010,118.7170
05/19/2010,118.4570
05/18/2010,118.3830
05/17/2010,118.2450
05/16/2010,118.2400
05/15/2010,118.2400
05/14/2010,118.2400
05/13/2010,117.8580
05/12/2010,117.6980
05/11/2010,117.6190
05/10/2010,117.4490
05/09/2010,117.6390
05/08/2010,117.6390
05/07/2010,117.6390
05/06/2010,117.7450
05/05/2010,117.3610
05/04/2010,117.1290
05/03/2010,116.8800
05/02/2010,117.0470
05/01/2010,117.0470
04/30/2010,117.0470
04/29/2010,116.9150
04/28/2010,116.7450
04/27/2010,116.9580
04/26/2010,116.5810
04/25/2010,116.4950
04/24/2010,116.4950
04/23/2010,116.4950
04/22/2010,116.6080
04/21/2010,116.7680
04/20/2010,116.5770
04/19/2010,116.5750
04/18/2010,116.7730
04/17/2010,116.7730
04/16/2010,116.7730
04/15/2010,116.4800
04/14/2010,116.4500
04/13/2010,116.6810
04/12/2010,116.5730
04/11/2010,116.1410
04/10/2010,116.1410
04/09/2010,116.1410
04/08/2010,116.0060
04/07/2010,116.0920
04/06/2010,115.5660
04/05/2010,115.3770
04/04/2010,116.0410
04/03/2010,116.0410
04/02/2010,116.0410
04/01/2010,116.0410
03/31/2010,116.3150
03/30/2010,116.3070
03/29/2010,116.4920
03/28/2010,116.5060
03/27/2010,116.5060
03/26/2010,116.5060
03/25/2010,116.2890
03/24/2010,116.6300
03/23/2010,117.1220
03/22/2010,117.0660
03/21/2010,116.8900
03/20/2010,116.8900
03/19/2010,116.8900
03/18/2010,116.9040
03/17/2010,117.0170
03/16/2010,116.9240
03/15/2010,116.8240
03/14/2010,116.8000
03/13/2010,116.8000
03/12/2010,116.8000
03/11/2010,116.8090
03/10/2010,116.7560
03/09/2010,116.7770
03/08/2010,116.5610
03/07/2010,116.6070
03/06/2010,116.6070
03/05/2010,116.6070
03/04/2010,116.7820
03/03/2010,116.7200
03/02/2010,116.6060
03/01/2010,116.4810
02/28/2010,116.5190
02/27/2010,116.5190
02/26/2010,116.5190
02/25/2010,116.3210
02/24/2010,116.2040
02/23/2010,116.2720
02/22/2010,115.9780
02/21/2010,115.8210
02/20/2010,115.8210
02/19/2010,115.8210
02/18/2010,115.9320
02/17/2010,116.2370
02/16/2010,116.5030
02/15/2010,116.3310
02/14/2010,116.3300
02/13/2010,116.3300
02/12/2010,116.3300
02/11/2010,116.1560
02/10/2010,116.2650
02/09/2010,116.4750
02/08/2010,116.5740
02/07/2010,116.8520
02/06/2010,116.8520
02/05/2010,116.8520
02/04/2010,116.5050
02/03/2010,116.1950
02/02/2010,116.3310
02/01/2010,116.1780
01/31/2010,116.2500
01/30/2010,116.2490
01/29/2010,116.2490
01/28/2010,116.0290
01/27/2010,116.0640
01/26/2010,116.1010
01/25/2010,116.0420
01/24/2010,116.1390
01/23/2010,116.1390
01/22/2010,116.1390
01/21/2010,116.1520
01/20/2010,115.9960
01/19/2010,115.8270
01/18/2010,115.9280
01/17/2010,115.9270
01/16/2010,115.9270
01/15/2010,115.9270
01/14/2010,115.6520
01/13/2010,115.4710
01/12/2010,115.6070
01/11/2010,115.1690
01/10/2010,115.0850
01/09/2010,115.0850
01/08/2010,115.0850
01/07/2010,115.0120
01/06/2010,115.1580
01/05/2010,115.2180
01/04/2010,114.7500
01/03/2010,114.5580
01/02/2010,114.5580
01/01/2010,114.5580
12/31/2009,114.5580
12/30/2009,114.7670
12/29/2009,114.6340
12/28/2009,114.4840
12/27/2009,114.6800
12/26/2009,114.6800
12/25/2009,114.6800
12/24/2009,114.6800
12/23/2009,114.9230
12/22/2009,114.9490
12/21/2009,115.2740
12/20/2009,115.8050
12/19/2009,115.8050
12/18/2009,115.8050
12/17/2009,115.9810
12/16/2009,115.5710
12/15/2009,115.4770
12/14/2009,115.7690
12/13/2009,115.8740
12/12/2009,115.8740
12/11/2009,115.8740
12/10/2009,115.9600
12/09/2009,116.0570
12/08/2009,116.3490
12/07/2009,116.1390
12/06/2009,115.7180
12/05/2009,115.7180
12/04/2009,115.7180
12/03/2009,115.9220
12/02/2009,116.0920
12/01/2009,116.2860
11/30/2009,116.5620
11/29/2009,116.4770
11/28/2009,116.4770
11/27/2009,116.4770
11/26/2009,116.3470
11/25/2009,116.3460
11/24/2009,116.3050
11/23/2009,116.0310
11/22/2009,115.9110
11/21/2009,115.9110
11/20/2009,115.9110
11/19/2009,115.8150
11/18/2009,115.7770
11/17/2009,115.8810
11/16/2009,115.9890
11/15/2009,115.7210
11/14/2009,115.7210
11/13/2009,115.7210
11/12/2009,115.4540
11/11/2009,115.2380
11/10/2009,115.2380
11/09/2009,115.0700
11/08/2009,114.9440
11/07/2009,114.9440
11/06/2009,114.9440
11/05/2009,114.7610
11/04/2009,114.5340
11/03/2009,114.5890
11/02/2009,114.7370
11/01/2009,114.8230
10/31/2009,114.8230
10/30/2009,114.8230
10/29/2009,114.5630
10/28/2009,114.7130
10/27/2009,114.4040
10/26/2009,114.1460
10/25/2009,114.3500
10/24/2009,114.3500
10/23/2009,114.3500
10/22/2009,114.4290
10/21/2009,114.3740
10/20/2009,114.5130
10/19/2009,114.4000
10/18/2009,114.3700
10/17/2009,114.3700
10/16/2009,114.3700
10/15/2009,114.3210
10/14/2009,114.5250
10/13/2009,114.7140
10/12/2009,114.3910
10/11/2009,114.3900
10/10/2009,114.3900
10/09/2009,114.3900
10/08/2009,114.6930
10/07/2009,114.8620
10/06/2009,114.4960
10/05/2009,114.5150
10/04/2009,114.4700
10/03/2009,114.4700
10/02/2009,114.4700
10/01/2009,114.4780
09/30/2009,114.1560
09/29/2009,114.2300
09/28/2009,114.1910
09/27/2009,114.0740
09/26/2009,114.0740
09/25/2009,114.0740
09/24/2009,113.9720
09/23/2009,113.7770
09/22/2009,113.6690
09/21/2009,113.5630
09/20/2009,113.6320
09/19/2009,113.6320
09/18/2009,113.6320
09/17/2009,113.8370
09/16/2009,113.5830
09/15/2009,113.5430
09/14/2009,113.6180
09/13/2009,113.7870
09/12/2009,113.7870
09/11/2009,113.7870
09/10/2009,113.7850
09/09/2009,113.4440
09/08/2009,113.4600
09/07/2009,113.2560
09/06/2009,113.2540
09/05/2009,113.2540
09/04/2009,113.2540
09/03/2009,113.4030
09/02/2009,113.5130
09/01/2009,113.2350
08/31/2009,113.1410
08/30/2009,112.8870
08/29/2009,112.8870
08/28/2009,112.8870
08/27/2009,112.8110
08/26/2009,112.8820
08/25/2009,112.8360
08/24/2009,112.7400
08/23/2009,112.5250
08/22/2009,112.5250
08/21/2009,112.5250
08/20/2009,112.8400
08/19/2009,112.6570
08/18/2009,112.4980
08/17/2009,112.6990
08/16/2009,112.5570
08/15/2009,112.5570
08/14/2009,112.5570
08/13/2009,112.4060
08/12/2009,112.0310
08/11/2009,112.0170
08/10/2009,111.7980
08/09/2009,111.4260
08/08/2009,111.4260
08/07/2009,111.4260
08/06/2009,111.6040
08/05/2009,111.6710
08/04/2009,111.9550
08/03/2009,112.1150
08/02/2009,112.4280
08/01/2009,112.4280
07/31/2009,112.4280
07/30/2009,112.0490
07/29/2009,112.0210
07/28/2009,112.0030
07/27/2009,111.8580
07/26/2009,111.9120
07/25/2009,111.9120
07/24/2009,111.9120
07/23/2009,111.7190
07/22/2009,112.2540
07/21/2009,112.3970
07/20/2009,112.0150
07/19/2009,111.8170
07/18/2009,111.8170
07/17/2009,111.8170
07/16/2009,111.9410
07/15/2009,111.6880
07/14/2009,112.0950
07/13/2009,112.3510
07/12/2009,112.4940
07/11/2009,112.4940
07/10/2009,112.4940
07/09/2009,112.1830
07/08/2009,112.3410
07/07/2009,111.9000
07/06/2009,111.7050
07/05/2009,111.6560
07/04/2009,111.6560
07/03/2009,111.6560
07/02/2009,111.6560
07/01/2009,111.5190
06/30/2009,111.5050
06/29/2009,111.5910
06/28/2009,111.5590
06/27/2009,111.5590
06/26/2009,111.5590
06/25/2009,111.4960
06/24/2009,111.1820
06/23/2009,111.1740
06/22/2009,111.2120
06/21/2009,110.9450
06/20/2009,110.9450
06/19/2009,110.9450
06/18/2009,110.9880
06/17/2009,111.4840
06/16/2009,111.2260
06/15/2009,111.0360
06/14/2009,110.7000
06/13/2009,110.7000
06/12/2009,110.7000
06/11/2009,110.4780
06/10/2009,110.2940
06/09/2009,110.7530
06/08/2009,110.5510
06/07/2009,110.8600
06/06/2009,110.8600
06/05/2009,110.8600
06/04/2009,111.1480
06/03/2009,111.3920
06/02/2009,111.0520
06/01/2009,110.9390
05/31/2009,111.3550
05/30/2009,111.3530
05/29/2009,111.3530
05/28/2009,110.6530
05/27/2009,110.8850
05/26/2009,111.4250
05/25/2009,111.4660
05/24/2009,111.4630
05/23/2009,111.4630
05/22/2009,111.4630
05/21/2009,111.5170
05/20/2009,111.6190
05/19/2009,111.5090
05/18/2009,111.4830
05/17/2009,111.5680
05/16/2009,111.5680
05/15/2009,111.5680
05/14/2009,111.5990
05/13/2009,111.6080
05/12/2009,111.4400
05/11/2009,111.3480
05/10/2009,111.1090
05/09/2009,111.1090
05/08/2009,111.1090
05/07/2009,111.1410
05/06/2009,111.0840
05/05/2009,111.0320
05/04/2009,110.9400
05/03/2009,110.8640
05/02/2009,110.8640
05/01/2009,110.8640
04/30/2009,110.9730
04/29/2009,111.0530
04/28/2009,111.1040
04/27/2009,111.1440
04/26/2009,110.9880
04/25/2009,110.9880
04/24/2009,110.9880
04/23/2009,110.9440
04/22/2009,110.8950
04/21/2009,110.9200
04/20/2009,110.9510
04/19/2009,110.9200
04/18/2009,110.9200
04/17/2009,110.9200
04/16/2009,111.1150
04/15/2009,111.2310
04/14/2009,111.2040
04/13/2009,111.1230
04/12/2009,111.1830
04/11/2009,111.1830
04/10/2009,111.1830
04/09/2009,111.1830
04/08/2009,111.2400
04/07/2009,110.9930
04/06/2009,110.5870
04/05/2009,110.5180
04/04/2009,110.5180
04/03/2009,110.5180
04/02/2009,110.5760
04/01/2009,110.5900
03/31/2009,110.5520
03/30/2009,110.5220
03/29/2009,110.4440
03/28/2009,110.4440
03/27/2009,110.4440
03/26/2009,110.3870
03/25/2009,110.2850
03/24/2009,110.2180
03/23/2009,110.2840
03/22/2009,110.2800
03/21/2009,110.2800
03/20/2009,110.2800
03/19/2009,110.2990
03/18/2009,110.2740
03/17/2009,109.7820
03/16/2009,109.7210
03/15/2009,109.7380
03/14/2009,109.7380
03/13/2009,109.7380
03/12/2009,109.7310
03/11/2009,109.6840
03/10/2009,109.5840
03/09/2009,109.4400
03/08/2009,109.4670
03/07/2009,109.4670
03/06/2009,109.4670
03/05/2009,109.3130
03/04/2009,109.2160
03/03/2009,109.3030
03/02/2009,109.1810
03/01/2009,109.0190
02/28/2009,109.0190
02/27/2009,109.0180
02/26/2009,109.0160
02/25/2009,108.9600
02/24/2009,109.0420
02/23/2009,108.9460
02/22/2009,108.9790
02/21/2009,108.9790
02/20/2009,108.9790
02/19/2009,108.9550
02/18/2009,109.1420
02/17/2009,109.2030
02/16/2009,109.0160
02/15/2009,109.0130
02/14/2009,109.0130
02/13/2009,109.0130
02/12/2009,109.1630
02/11/2009,109.0540
02/10/2009,108.8610
02/09/2009,108.5640
02/08/2009,108.4710
02/07/2009,108.4710
02/06/2009,108.4710
02/05/2009,108.4510
02/04/2009,108.4230
02/03/2009,108.5230
02/02/2009,108.6420
02/01/2009,108.5070
01/31/2009,108.5070
01/30/2009,108.5060
01/29/2009,108.4440
01/28/2009,108.6970
01/27/2009,108.8700
01/26/2009,108.7750
01/25/2009,108.8300
01/24/2009,108.8300
01/23/2009,108.8300
01/22/2009,108.7430
01/21/2009,108.7600
01/20/2009,109.0430
01/19/2009,109.1070
01/18/2009,109.1050
01/17/2009,109.1050
01/16/2009,109.1050
01/15/2009,109.2110
01/14/2009,109.3110
01/13/2009,109.3380
01/12/2009,109.3570
01/11/2009,109.3260
01/10/2009,109.3260
01/09/2009,109.3260
01/08/2009,109.2300
01/07/2009,109.0990
01/06/2009,109.0010
01/05/2009,108.4870
01/04/2009,108.0900
01/03/2009,108.0900
01/02/2009,108.0900
01/01/2009,108.1200
12/31/2008,108.1200
12/30/2008,108.0410
12/29/2008,108.0380
12/28/2008,107.9360
12/27/2008,107.9360
12/26/2008,107.9360
12/25/2008,107.7910
12/24/2008,107.7910
12/23/2008,107.6890
12/22/2008,107.8920
12/21/2008,108.1420
12/20/2008,108.1420
12/19/2008,108.1420
12/18/2008,108.1440
12/17/2008,108.1130
12/16/2008,107.8340
12/15/2008,107.7570
12/14/2008,107.7370
12/13/2008,107.7370
12/12/2008,107.7370
12/11/2008,107.6430
12/10/2008,107.4600
12/09/2008,106.9200
12/08/2008,106.7140
12/07/2008,106.6610
12/06/2008,106.6610
12/05/2008,106.6610
12/04/2008,106.7720
12/03/2008,106.5410
12/02/2008,106.6820
12/01/2008,106.9090
11/30/2008,106.5830
11/29/2008,106.5680
11/28/2008,106.5680
11/27/2008,106.7030
11/26/2008,106.6960
11/25/2008,106.7840
11/24/2008,105.5250
11/23/2008,105.5580
11/22/2008,105.5580
11/21/2008,105.5580
11/20/2008,105.3330
11/19/2008,105.2240
11/18/2008,105.2830
11/17/2008,104.9210
11/16/2008,104.9830
11/15/2008,104.9830
11/14/2008,104.9830
11/13/2008,104.9140
11/12/2008,105.3290
11/11/2008,104.6910
11/10/2008,104.6840
11/09/2008,104.7940
11/08/2008,104.7940
11/07/2008,104.7940
11/06/2008,104.9680
11/05/2008,105.0370
11/04/2008,104.5310
11/03/2008,103.2090
11/02/2008,102.7870
11/01/2008,102.7870
10/31/2008,102.7870
10/30/2008,102.6680
10/29/2008,102.6990
10/28/2008,102.6420
10/27/2008,103.2050
10/26/2008,103.9720
10/25/2008,103.9720
10/24/2008,103.9720
10/23/2008,104.9910
10/22/2008,105.0730
10/21/2008,105.1370
10/20/2008,104.4930
10/19/2008,103.4020
10/18/2008,103.4020
10/17/2008,103.4020
10/16/2008,103.3630
10/15/2008,103.0650
10/14/2008,102.5240
10/13/2008,103.2430
10/12/2008,103.2100
10/11/2008,103.2100
10/10/2008,103.2100
10/09/2008,103.7670
10/08/2008,104.3940
10/07/2008,104.9680
10/06/2008,105.1200
10/05/2008,104.4700
10/04/2008,104.4700
10/03/2008,104.4700
10/02/2008,104.4790
10/01/2008,104.2680
09/30/2008,104.0510
09/29/2008,104.7980
09/28/2008,104.4420
09/27/2008,104.4420
09/26/2008,104.4420
09/25/2008,104.3290
09/24/2008,104.3440
09/23/2008,104.3870
09/22/2008,104.4810
09/21/2008,104.9020
09/20/2008,104.9020
09/19/2008,104.9020
09/18/2008,104.9510
09/17/2008,105.0470
09/16/2008,105.0890
09/15/2008,105.4660
09/14/2008,104.8040
09/13/2008,104.8040
09/12/2008,104.8040
09/11/2008,105.1740
09/10/2008,105.1600
09/09/2008,105.2120
09/08/2008,105.4420
09/07/2008,103.6360
09/06/2008,103.6360
09/05/2008,103.6360
09/04/2008,103.8010
09/03/2008,103.4140
09/02/2008,103.2140
09/01/2008,103.0600
08/31/2008,103.0630
08/30/2008,103.0500
08/29/2008,103.0500
08/28/2008,103.0590
08/27/2008,102.9200
08/26/2008,102.7520
08/25/2008,102.5500
08/24/2008,102.1780
08/23/2008,102.1780
08/22/2008,102.1780
08/21/2008,102.3090
08/20/2008,102.7820
08/19/2008,102.0180
08/18/2008,101.9950
08/17/2008,101.8810
08/16/2008,101.8810
08/15/2008,101.8810
08/14/2008,101.4340
08/13/2008,101.2860
08/12/2008,101.4690
08/11/2008,101.1880
08/10/2008,101.5860
08/09/2008,101.5860
08/08/2008,101.5860
08/07/2008,101.2850
08/06/2008,100.8410
08/05/2008,101.2830
08/04/2008,101.4940
08/03/2008,101.8170
08/02/2008,101.8170
08/01/2008,101.8170
07/31/2008,101.8310
07/30/2008,101.6040
07/29/2008,101.3820
07/28/2008,101.6180
07/27/2008,100.9480
07/26/2008,100.9480
07/25/2008,100.9480
07/24/2008,101.6550
07/23/2008,100.7500
07/22/2008,100.6290
07/21/2008,100.8080
07/20/2008,100.6180
07/19/2008,100.6180
07/18/2008,100.6180
07/17/2008,101.0650
07/16/2008,102.1140
07/15/2008,102.6930
07/14/2008,102.5880
07/13/2008,102.4960
07/12/2008,102.4960
07/11/2008,102.4960
07/10/2008,102.6630
07/09/2008,102.6100
07/08/2008,102.1440
07/07/2008,101.4510
07/06/2008,101.4050
07/05/2008,101.4050
07/04/2008,101.4050
07/03/2008,101.3990
07/02/2008,101.6310
07/01/2008,101.7270
06/30/2008,101.9650
06/29/2008,101.8270
06/28/2008,101.8270
06/27/2008,101.8270
06/26/2008,101.5220
06/25/2008,101.2270
06/24/2008,101.1610
06/23/2008,100.9680
06/22/2008,101.2880
06/21/2008,101.2880
06/20/2008,101.2880
06/19/2008,101.1770
06/18/2008,101.2580
06/17/2008,100.6660
06/16/2008,100.3360
06/15/2008,100.3630
06/14/2008,100.3630
06/13/2008,100.3630
06/12/2008,100.6300
06/11/2008,101.2740
06/10/2008,100.8000
06/09/2008,101.5110
06/08/2008,101.9400
06/07/2008,101.9400
06/06/2008,101.9400
06/05/2008,101.7280
06/04/2008,102.1560
06/03/2008,102.4660
06/02/2008,102.2990
06/01/2008,102.0280
05/31/2008,102.0280
05/30/2008,102.0200
05/29/2008,101.8280
05/28/2008,102.1620
05/27/2008,102.5930
05/26/2008,102.9650
05/25/2008,102.9420
05/24/2008,102.9420
05/23/2008,102.9420
05/22/2008,102.6660
05/21/2008,103.0830
05/20/2008,103.2490
05/19/2008,103.0510
05/18/2008,102.8440
05/17/2008,102.8440
05/16/2008,102.8440
05/15/2008,102.8310
05/14/2008,102.2100
05/13/2008,102.2600
05/12/2008,102.7280
05/11/2008,102.9350
05/10/2008,102.9350
05/09/2008,102.9350
05/08/2008,103.0680
05/07/2008,102.7880
05/06/2008,102.5210
05/05/2008,102.5830
05/04/2008,102.6220
05/03/2008,102.6220
05/02/2008,102.6220
05/01/2008,102.7500
04/30/2008,102.5540
04/29/2008,102.2690
04/28/2008,102.1740
04/27/2008,101.9490
04/26/2008,101.9490
04/25/2008,101.9490
04/24/2008,101.9860
04/23/2008,102.3260
04/22/2008,102.4490
04/21/2008,102.3400
04/20/2008,102.0200
04/19/2008,102.0200
04/18/2008,102.0200
04/17/2008,101.7050
04/16/2008,101.7730
04/15/2008,102.3760
04/14/2008,102.7100
04/13/2008,102.9280
04/12/2008,102.9280
04/11/2008,102.9280
04/10/2008,102.7250
04/09/2008,102.8910
04/08/2008,102.6190
04/07/2008,102.7500
04/06/2008,102.8620
04/05/2008,102.8620
04/04/2008,102.8620
04/03/2008,102.2240
04/02/2008,102.0080
04/01/2008,102.2050
03/31/2008,102.5210
03/30/2008,102.3930
03/29/2008,102.3930
03/28/2008,102.3930
03/27/2008,102.0110
03/26/2008,102.3130
03/25/2008,102.2410
03/24/2008,102.0730
03/23/2008,102.7780
03/22/2008,102.7780
03/21/2008,102.7780
03/20/2008,102.7780
03/19/2008,102.6650
03/18/2008,102.2490
03/17/2008,102.7800
03/16/2008,101.4900
03/15/2008,101.4900
03/14/2008,101.4900
03/13/2008,101.2380
03/12/2008,101.3990
03/11/2008,100.3980
03/10/2008,100.4210
03/09/2008,100.2320
03/08/2008,100.2320
03/07/2008,100.2320
03/06/2008,99.5130
03/05/2008,100.0760
03/04/2008,100.7750
03/03/2008,101.4530
03/02/2008,101.6690
03/01/2008,101.6690
02/29/2008,101.6690
02/28/2008,101.1820
02/27/2008,100.5060
02/26/2008,100.1220
02/25/2008,99.7360
02/24/2008,100.3070
02/23/2008,100.3070
02/22/2008,100.3070
02/21/2008,100.7000
02/20/2008,100.0590
02/19/2008,100.1850
02/18/2008,100.9270
02/17/2008,100.9010
02/16/2008,100.9010
02/15/2008,100.9010
02/14/2008,100.8700
02/13/2008,101.5010
02/12/2008,101.6640
02/11/2008,101.8010
02/10/2008,101.8130
02/09/2008,101.8130
02/08/2008,101.8130
02/07/2008,101.6130
02/06/2008,101.8530
02/05/2008,101.9800
02/04/2008,101.7620
02/03/2008,101.8710
02/02/2008,101.8710
02/01/2008,101.8710
01/31/2008,101.7700
01/30/2008,101.6190
01/29/2008,101.7020
01/28/2008,101.8640
01/27/2008,101.7490
01/26/2008,101.7490
01/25/2008,101.7490
01/24/2008,101.4640
01/23/2008,102.1790
01/22/2008,102.1870
01/21/2008,101.6800
01/20/2008,101.6420
01/19/2008,101.6420
01/18/2008,101.6420
01/17/2008,101.6540
01/16/2008,101.4520
01/15/2008,101.6540
01/14/2008,101.4790
01/13/2008,101.3550
01/12/2008,101.3550
01/11/2008,101.3550
01/10/2008,100.9840
01/09/2008,101.1200
01/08/2008,101.0050
01/07/2008,101.0110
01/06/2008,100.8050
01/05/2008,100.8050
01/04/2008,100.8050
01/03/2008,100.5610
01/02/2008,100.4800
01/01/2008,100.0000
12/31/2007,100.0000